"MakeName","MMT","MY","MileGrpATC","q19_2","y_pred"
"Acura","Acura MDX","2018","1",0,2.14357654517486e-10
"Acura","Acura MDX","2018","1",0,4.33229103940852e-13
"Acura","Acura MDX","2018","1",0,4.97917622366377e-11
"Acura","Acura MDX","2018","1",0,1.62277852190305e-14
"Acura","Acura MDX","2018","1",0,5.11174989408292e-08
"Acura","Acura MDX","2018","1",0,7.17220793389314e-11
"Acura","Acura MDX","2018","1",0,6.40656328716643e-10
"Acura","Acura MDX","2018","1",0,1.29480315488051e-12
"Acura","Acura MDX","2018","1",0,1.91474632478422e-09
"Acura","Acura MDX","2018","1",0,2.68654734519686e-12
"Acura","Acura MDX","2018","1",0,1.32927816203326e-09
"Acura","Acura MDX","2018","1",0,3.8698120570278e-12
"Acura","Acura MDX","2018","1",0,8.02935432231742e-12
"Acura","Acura MDX","2018","1",0,5.57423467093695e-12
"Acura","Acura MDX","2018","1",0,1.48813942180424e-10
"Acura","Acura MDX","2018","1",0,1.03311399990282e-10
"Acura","Acura MDX","2018","1",0,8.98893777535468e-13
"Acura","Acura MDX","2018","1",0,1.66598609655853e-11
"Acura","Acura MDX","2018","1",0,1.03311399990282e-10
"Acura","Acura MDX","2018","1",0,1.36466923080141e-06
"Acura","Acura MDX","2018","1",0,2.14357654517486e-10
"Acura","Acura MDX","2018","1",0,1.91474632478422e-09
"Acura","Acura MDX","2018","1",0,2.14357654517486e-10
"Acura","Acura MDX","2018","1",0,4.33229103940852e-13
"Acura","Acura MDX","2018","2",0,2.26083896136189e-12
"Acura","Acura MDX","2018","2",0,2.86310049295284e-10
"Acura","Acura MDX","2018","2",0,1.84296120064424e-09
"Acura","Acura MDX","2018","2",0,4.15501419588163e-10
"Acura","Acura MDX","2018","2",0,7.91856246055962e-14
"Acura","Acura MDX","2018","2",0,2.26083896136189e-12
"Acura","Acura MDX","2018","2",0,4.76147457103187e-12
"Acura","Acura MDX","2018","2",0,4.44792023787763e-11
"Acura","Acura MDX","2018","2",0,1.14916467374559e-13
"Acura","Acura MDX","2018","2",0,1.2699314311921e-09
"Acura","Acura MDX","2018","2",0,1.35945473385497e-10
"Acura","Acura MDX","2018","2",0,1.07348946906115e-12
"Acura","Acura MDX","2018","2",0,4.15501419588163e-10
"Acura","Acura MDX","2018","2",0,4.76147457103187e-12
"Acura","Acura MDX","2018","2",0,2.26083896136189e-12
"Acura","Acura MDX","2018","2",0,1.84296120064424e-09
"Acura","Acura MDX","2018","2",0,8.17447500850893e-09
"Acura","Acura MDX","2018","2",0,5.63279507111031e-09
"Acura","Acura MDX","2018","2",0,2.42021588688684e-13
"Acura","Acura MDX","2018","2",0,5.09713278954775e-13
"Acura","Acura MDX","2018","2",0,6.90998953308695e-12
"Acura","Acura MDX","2018","2",0,2.26083896136189e-12
"Acura","Acura MDX","2018","2",0,1.4552889440609e-11
"Acura","Acura MDX","2018","2",0,1.55787894788577e-12
"Acura","Acura MDX","2018","2",0,7.39710644237757e-13
"Acura","Acura MDX","2018","2",0,2.26083896136189e-12
"Acura","Acura MDX","2018","2",0,1.84296120064424e-09
"Acura","Acura MDX","2018","2",0,1.00279765511753e-11
"Acura","Acura MDX","2018","2",0,2.49843251834271e-08
"Acura","Acura MDX","2018","2",0,5.09713278954775e-13
"Acura","Acura MDX","2018","2",0,1.6677009923989e-13
"Acura","Acura MDX","2018","2",0,9.36761063817026e-11
"Acura","Acura MDX","2018","2",0,4.44792023787763e-11
"Acura","Acura MDX","2018","2",0,1.2699314311921e-09
"Acura","Acura MDX","2018","2",0,1.10818244848517e-07
"Acura","Acura MDX","2018","2",0,6.45495042106852e-11
"Acura","Acura MDX","2018","2",0,5.63279507111031e-09
"Acura","Acura MDX","2018","2",0,1.18630343807145e-08
"Acura","Acura MDX","2018","2",0,4.76147457103187e-12
"Acura","Acura MDX","2018","2",0,2.1119573823229e-11
"Acura","Acura MDX","2018","2",0,1.18630343807145e-08
"Acura","Acura MDX","2018","2",0,1.35945473385497e-10
"Acura","Acura MDX","2018","2",0,6.45495042106852e-11
"Acura","Acura MDX","2018","2",0,1.2699314311921e-09
"Acura","Acura MDX","2018","2",0,5.09713278954775e-13
"Acura","Acura MDX","2018","2",0,3.28099485274325e-12
"Acura","Acura MDX","2018","2",0,5.45645309800611e-14
"Acura","Acura MDX","2018","2",0,1.55787894788577e-12
"Acura","Acura MDX","2018","2",0,1.55787894788577e-12
"Acura","Acura MDX","2018","2",0,3.28099485274325e-12
"Acura","Acura MDX","2018","2",0,8.17447500850893e-09
"Acura","Acura MDX","2018","2",0,1.55787894788577e-12
"Acura","Acura MDX","2018","2",0,3.51228725403203e-13
"Acura","Acura MDX","2018","2",0,5.26186198049588e-08
"Acura","Acura MDX","2018","2",0,4.44792023787763e-11
"Acura","Acura MDX","2018","2",0,8.17447500850893e-09
"Acura","Acura MDX","2018","2",0,4.76147457103187e-12
"Acura","Acura MDX","2018","2",0,6.90998953308695e-12
"Acura","Acura MDX","2018","2",0,1.72159783150957e-08
"Acura","Acura MDX","2018","2",0,6.90998953308695e-12
"Acura","Acura MDX","2018","2",0,1.2699314311921e-09
"Acura","Acura MDX","2018","2",0,2.18020700460542e-06
"Acura","Acura MDX","2018","2",0,1.72159783150957e-08
"Acura","Acura MDX","2018","2",0,2.26083896136189e-12
"Acura","Acura MDX","2018","2",0,1.55787894788577e-12
"Acura","Acura MDX","2018","2",0,5.09713278954775e-13
"Acura","Acura MDX","2018","2",0,1.07348946906115e-12
"Acura","Acura MDX","2018","2",0,7.39710644237757e-13
"Acura","Acura MDX","2018","3",0,0.026378739336367
"Acura","Acura MDX","2018","3",0,0.0131807497438255
"Acura","Acura MDX","2018","3",0,0.00399749937187567
"Acura","Acura MDX","2018","3",0,0.026378739336367
"Acura","Acura MDX","2018","3",0,0.0229792307520632
"Acura","Acura MDX","2018","3",0,0.00996525334522207
"Acura","Acura MDX","2018","3",0,0.0131807497438255
"Acura","Acura MDX","2018","3",0,0.00866218159884903
"Acura","Acura MDX","2018","3",0,0.00493772255460956
"Acura","Acura MDX","2018","3",0,0.0092911145951848
"Acura","Acura MDX","2018","3",0,0.00654170051483702
"Acura","Acura MDX","2018","3",0,0.00609773501035428
"Acura","Acura MDX","2018","3",0,0.00701776214089125
"Acura","Acura MDX","2018","3",0,0.00372555361653352
"Acura","Acura MDX","2018","3",1,0.0141330840839891
"Acura","Acura MDX","2018","3",0,0.00323572789079996
"Acura","Acura MDX","2018","3",0,0.0106877781416658
"Acura","Acura MDX","2018","3",0,0.00866218159884903
"Acura","Acura MDX","2018","3",0,0.0302655863883707
"Acura","Acura MDX","2018","3",0,0.0302655863883707
"Acura","Acura MDX","2018","3",0,0.011462082671642
"Acura","Acura MDX","2018","3",0,0.0141330840839891
"Acura","Acura MDX","2018","3",0,0.00752820584912692
"Acura","Acura MDX","2018","3",0,0.0229792307520632
"Acura","Acura MDX","2018","3",0,0.0397682904978102
"Acura","Acura MDX","2018","3",0,0.00752820584912692
"Acura","Acura MDX","2018","3",0,0.0174155416603627
"Acura","Acura MDX","2018","3",0,0.0556995660132242
"Acura","Acura MDX","2018","3",0,0.0200088237397483
"Acura","Acura MDX","2018","3",0,0.0042892102705669
"Acura","Acura MDX","2018","3",0,0.0092911145951848
"Acura","Acura MDX","2018","3",0,0.0092911145951848
"Acura","Acura MDX","2018","3",0,0.00493772255460956
"Acura","Acura MDX","2018","3",0,0.0131807497438255
"Acura","Acura MDX","2018","3",0,0.0106877781416658
"Acura","Acura MDX","2018","3",0,0.0371536692180259
"Acura","Acura MDX","2018","3",0,0.0106877781416658
"Acura","Acura MDX","2019","1",0,9.1774113362891e-09
"Acura","Acura MDX","2019","1",0,7.46462715104599e-11
"Acura","Acura MDX","2019","1",0,1.63372387704787e-06
"Acura","Acura MDX","2019","1",0,8.7910980126499e-13
"Acura","Acura MDX","2019","1",0,7.46462715104599e-11
"Acura","Acura MDX","2019","1",0,1.69832103010585e-11
"Acura","Acura MDX","2019","1",0,6.3383047349773e-09
"Acura","Acura MDX","2019","1",0,2.89602210556539e-13
"Acura","Acura MDX","2019","1",0,3.86394961571141e-12
"Acura","Acura MDX","2019","1",0,1.69832103010585e-11
"Acura","Acura MDX","2019","1",0,3.86394961571141e-12
"Acura","Acura MDX","2019","1",0,2.00011418248293e-13
"Acura","Acura MDX","2019","1",0,1.12831871757697e-06
"Acura","Acura MDX","2019","1",0,3.56052429745669e-11
"Acura","Acura MDX","2019","1",0,4.19323262110544e-13
"Acura","Acura MDX","2019","1",0,1.08082455630987e-10
"Acura","Acura MDX","2019","1",0,8.10075730513054e-12
"Acura","Acura MDX","2019","1",0,6.07150055274491e-13
"Acura","Acura MDX","2019","1",0,6.3383047349773e-09
"Acura","Acura MDX","2019","1",0,1.17293164724587e-11
"Acura","Acura MDX","2019","1",0,8.10075730513054e-12
"Acura","Acura MDX","2019","1",0,5.15538420905213e-11
"Acura","Acura MDX","2019","1",0,1.32882343544561e-08
"Acura","Acura MDX","2019","1",0,3.02328403426557e-09
"Acura","Acura MDX","2019","1",0,1.17293164724587e-11
"Acura","Acura MDX","2019","1",0,1.03970532035064e-05
"Acura","Acura MDX","2019","1",0,8.10075730513054e-12
"Acura","Acura MDX","2019","1",0,8.45673387026335e-08
"Acura","Acura MDX","2019","1",0,1.56495655826727e-10
"Acura","Acura MDX","2019","1",0,2.45904723268874e-11
"Acura","Acura MDX","2019","1",0,8.10075730513054e-12
"Acura","Acura MDX","2019","1",0,1.77295123224201e-07
"Acura","Acura MDX","2019","1",0,2.89602210556539e-13
"Acura","Acura MDX","2019","1",0,2.08800660348663e-09
"Acura","Acura MDX","2019","1",0,6.07150055274491e-13
"Acura","Acura MDX","2019","1",0,8.10075730513054e-12
"Acura","Acura MDX","2019","1",0,2.78587379901292e-08
"Acura","Acura MDX","2019","1",0,2.2659450277224e-10
"Acura","Acura MDX","2019","1",0,3.56052429745669e-11
"Acura","Acura MDX","2019","1",0,2.66860546814908e-12
"Acura","Acura MDX","2019","1",0,1.4990813706662e-14
"Acura","Acura MDX","2019","1",0,1.84305072604353e-12
"Acura","Acura MDX","2019","1",0,1.56495655826727e-10
"Acura","Acura MDX","2019","2",0,3.66865172277266e-11
"Acura","Acura MDX","2019","2",0,2.61370344393475e-07
"Acura","Acura MDX","2019","2",0,3.66865172277266e-11
"Acura","Acura MDX","2019","2",0,6.84660508010603e-14
"Acura","Acura MDX","2019","2",0,5.3093057026444e-11
"Acura","Acura MDX","2019","2",0,4.34641824695137e-13
"Acura","Acura MDX","2019","2",0,3.00331073069824e-13
"Acura","Acura MDX","2019","2",0,8.623084538065e-08
"Acura","Acura MDX","2019","2",0,3.26898391079816e-14
"Acura","Acura MDX","2019","2",0,3.47515073230067e-06
"Acura","Acura MDX","2019","2",0,9.38588421584582e-09
"Acura","Acura MDX","2019","2",0,2.32896371265494e-10
"Acura","Acura MDX","2019","2",0,1.31742304975774e-12
"Acura","Acura MDX","2019","2",0,6.48550720678274e-09
"Acura","Acura MDX","2019","2",0,5.77896743845582e-12
"Acura","Acura MDX","2019","2",0,1.75163651415244e-11
"Acura","Acura MDX","2019","2",0,1.6092794831772e-10
"Acura","Acura MDX","2019","2",0,1.90658646269596e-12
"Acura","Acura MDX","2019","2",0,8.36337354847762e-12
"Acura","Acura MDX","2019","2",0,1.35833358271295e-08
"Acura","Acura MDX","2019","2",0,3.78257464232847e-07
"Acura","Acura MDX","2019","2",0,8.36337354847762e-12
"Acura","Acura MDX","2019","2",0,1.75163651415244e-11
"Acura","Acura MDX","2019","2",0,8.36337354847762e-12
"Acura","Acura MDX","2019","2",0,8.36337354847762e-12
"Acura","Acura MDX","2019","2",0,7.68367486860302e-11
"Acura","Acura MDX","2019","2",0,5.77896743845582e-12
"Acura","Acura MDX","2019","2",0,2.32896371265494e-10
"Acura","Acura MDX","2019","2",0,1.52438099373049e-05
"Acura","Acura MDX","2019","2",0,9.10319844387484e-13
"Acura","Acura MDX","2019","2",0,1.11198832375331e-10
"Acura","Acura MDX","2019","2",0,1.21035492683075e-11
"Acura","Acura MDX","2019","2",0,9.10319844387484e-13
"Acura","Acura MDX","2019","2",0,9.38588421584582e-09
"Acura","Acura MDX","2019","2",0,1.90658646269596e-12
"Acura","Acura MDX","2019","2",0,8.36337354847762e-12
"Acura","Acura MDX","2019","2",0,1.65925043545768e-06
"Acura","Acura MDX","2019","2",0,2.5349840858158e-11
"Acura","Acura MDX","2019","2",0,5.77896743845582e-12
"Acura","Acura MDX","2019","2",0,1.24794048623834e-07
"Acura","Acura MDX","2019","2",0,6.84660508010603e-14
"Acura","Acura MDX","2019","2",0,2.5349840858158e-11
"Acura","Acura MDX","2019","2",0,5.77896743845582e-12
"Acura","Acura MDX","2019","2",0,5.3093057026444e-11
"Acura","Acura MDX","2019","2",0,9.38588421584582e-09
"Acura","Acura MDX","2019","2",0,3.99318103647121e-12
"Acura","Acura MDX","2019","2",0,3.00331073069824e-13
"Acura","Acura MDX","2019","2",0,9.38588421584582e-09
"Acura","Acura MDX","2019","2",0,8.36337354847762e-12
"Acura","Acura MDX","2019","2",0,3.99318103647121e-12
"Acura","Acura MDX","2019","2",0,4.87781378480045e-10
"Acura","Acura MDX","2019","2",0,1.75163651415244e-11
"Acura","Acura MDX","2019","2",0,2.75922904218427e-12
"Acura","Acura MDX","2019","2",0,2.75922904218427e-12
"Acura","Acura MDX","2019","2",0,2.5349840858158e-11
"Acura","Acura MDX","2019","2",0,8.36337354847762e-12
"Acura","Acura MDX","2019","2",0,3.09657392768126e-09
"Acura","Acura MDX","2019","2",0,6.48550720678274e-09
"Acura","Acura MDX","2019","2",0,3.66865172277266e-11
"Acura","Acura MDX","2019","2",0,9.90846832652825e-14
"Acura","Acura MDX","2019","2",0,9.90846832652825e-14
"Acura","Acura MDX","2019","2",0,6.29017550010176e-13
"Acura","Acura MDX","2019","2",0,1.11198832375331e-10
"Acura","Acura MDX","2019","2",0,2.5349840858158e-11
"Acura","Acura MDX","2019","2",0,1.21035492683075e-11
"Acura","Acura MDX","2019","3",0,0.0463184535323526
"Acura","Acura MDX","2019","3",0,0.0166412571747762
"Acura","Acura MDX","2019","3",0,0.0934924920605113
"Acura","Acura MDX","2019","3",0,0.0314796763489518
"Acura","Acura MDX","2019","3",0,0.0778059931299648
"Acura","Acura MDX","2019","3",0,0.0330468888057573
"Acura","Acura MDX","2019","3",0,0.0259006229682427
"Acura","Acura MDX","2019","3",0,0.0364103277701085
"Acura","Acura MDX","2019","3",0,0.0382133270145458
"Acura","Acura MDX","2019","3",0,0.133532441358208
"Acura","Acura MDX","2019","3",0,0.0234843669001201
"Acura","Acura MDX","2019","3",0,0.0742791866012614
"Acura","Acura MDX","2019","3",0,0.0676632169351507
"Acura","Acura MDX","2019","3",0,0.0346893302188702
"Acura","Acura MDX","2019","3",0,0.0299844825138946
"Acura","Acura MDX","2019","3",0,0.08932351586237
"Acura","Acura MDX","2019","3",0,0.0285582120238376
"Acura","Acura MDX","2019","3",0,0.0259006229682427
"Acura","Acura MDX","2019","3",0,0.0330468888057573
"Acura","Acura MDX","2019","3",0,0.0814855139255427
"Acura","Acura MDX","2019","3",1,0.0271978826433524
"Acura","Acura MDX","2019","3",0,0.0420797116623127
"Acura","Acura MDX","2019","3",0,0.127829792983786
"Acura","Acura MDX","2019","3",0,0.0420797116623127
"Acura","Acura MDX","2019","3",0,0.0330468888057573
"Acura","Acura MDX","2019","3",0,0.0382133270145458
"Acura","Acura MDX","2019","3",0,0.0259006229682427
"Acura","Acura MDX","2019","3",0,0.0259006229682427
"Acura","Acura MDX","2019","3",0,0.0814855139255427
"Acura","Acura MDX","2019","3",0,0.0271978826433524
"Acura","Acura MDX","2019","3",0,0.0314796763489518
"Acura","Acura MDX","2019","3",0,0.0212885958591605
"Acura","Acura MDX","2019","3",0,0.0463184535323526
"Acura","Acura MDX","2019","3",0,0.0676632169351507
"Acura","Acura MDX","2019","3",0,0.0202673197571615
"Acura","Acura MDX","2019","3",0,0.0934924920605113
"Acura","Acura MDX","2019","3",1,0.165335033322668
"Acura","Acura MDX","2019","3",0,0.0285582120238376
"Acura","Acura MDX","2019","3",0,0.0420797116623127
"Acura","Acura MDX","2019","3",0,0.0615973143543522
"Acura","Acura MDX","2019","3",1,0.0246636700524827
"Acura","Acura MDX","2019","3",0,0.0978351422095817
"Acura","Acura MDX","2019","3",0,0.133532441358208
"Acura","Acura MDX","2019","3",0,0.0485873525779211
"Acura","Acura MDX","2019","3",0,0.0742791866012614
"Acura","Acura MDX","2019","3",0,0.0742791866012614
"Acura","Acura MDX","2019","3",0,0.0330468888057573
"Acura","Acura MDX","2019","3",0,0.102356728897303
"Acura","Acura MDX","2019","3",0,0.285734833582503
"Acura","Acura MDX","2019","3",0,0.0314796763489518
"Acura","Acura MDX","2020","1",0,1.34561637192683e-11
"Acura","Acura MDX","2020","1",0,7.27736428909231e-10
"Acura","Acura MDX","2020","1",0,1.34561637192683e-11
"Acura","Acura MDX","2020","1",0,3.99550833149858e-11
"Acura","Acura MDX","2020","1",0,3.93574499337566e-08
"Acura","Acura MDX","2020","1",0,9.36205101045717e-12
"Acura","Acura MDX","2020","1",0,1.67968534588782e-07
"Acura","Acura MDX","2020","1",0,8.25415384731431e-11
"Acura","Acura MDX","2020","1",0,1.3254891737212e-08
"Acura","Acura MDX","2020","1",0,6.51359488119095e-12
"Acura","Acura MDX","2020","1",0,1.34561637192683e-11
"Acura","Acura MDX","2020","1",0,1.06186534365644e-12
"Acura","Acura MDX","2020","1",0,4.53179738380515e-12
"Acura","Acura MDX","2020","1",0,1.90513800944628e-08
"Acura","Acura MDX","2020","1",0,1.93406703122188e-11
"Acura","Acura MDX","2020","1",0,4.46401258769039e-09
"Acura","Acura MDX","2020","1",0,3.15297280571672e-12
"Acura","Acura MDX","2020","1",0,3.15297280571672e-12
"Acura","Acura MDX","2020","1",0,9.36205101045717e-12
"Acura","Acura MDX","2020","1",0,1.06186534365644e-12
"Acura","Acura MDX","2020","1",0,3.10581191532532e-09
"Acura","Acura MDX","2020","1",0,2.16085135512159e-09
"Acura","Acura MDX","2020","1",0,1.16863178996436e-07
"Acura","Acura MDX","2020","1",0,5.14006875303281e-13
"Acura","Acura MDX","2020","1",0,2.12852569618822e-06
"Acura","Acura MDX","2020","1",0,1.73108403058575e-13
"Acura","Acura MDX","2020","1",0,9.36205101045717e-12
"Acura","Acura MDX","2020","1",0,8.25415384731431e-11
"Acura","Acura MDX","2020","1",0,2.45088727738236e-10
"Acura","Acura MDX","2020","2",0,1.05760902289989e-11
"Acura","Acura MDX","2020","2",0,3.12393936785543e-11
"Acura","Acura MDX","2020","2",0,1.59243037998271e-14
"Acura","Acura MDX","2020","2",0,2.49548644691716e-12
"Acura","Acura MDX","2020","2",0,1.44602166516699e-08
"Acura","Acura MDX","2020","2",0,2.1772590939459e-11
"Acura","Acura MDX","2020","2",0,2.97686924392307e-08
"Acura","Acura MDX","2020","2",0,1.05760902289989e-11
"Acura","Acura MDX","2020","2",0,1.517461321732e-11
"Acura","Acura MDX","2020","2",0,8.79300221727308e-08
"Acura","Acura MDX","2020","2",0,1.65737165757468e-09
"Acura","Acura MDX","2020","2",0,2.1772590939459e-11
"Acura","Acura MDX","2020","2",0,3.58053314610854e-12
"Acura","Acura MDX","2020","2",0,2.86022578753124e-13
"Acura","Acura MDX","2020","2",0,1.26162314878481e-07
"Acura","Acura MDX","2020","2",0,5.13736214685255e-12
"Acura","Acura MDX","2020","2",0,1.65737165757468e-09
"Acura","Acura MDX","2020","2",0,2.72557096212287e-10
"Acura","Acura MDX","2020","2",0,2.86022578753124e-13
"Acura","Acura MDX","2020","2",0,1.15512085554917e-09
"Acura","Acura MDX","2020","2",0,2.49548644691716e-12
"Acura","Acura MDX","2020","2",0,4.27122290113592e-08
"Acura","Acura MDX","2020","2",0,2.1772590939459e-11
"Acura","Acura MDX","2020","2",0,2.49548644691716e-12
"Acura","Acura MDX","2020","2",0,3.12393936785543e-11
"Acura","Acura MDX","2020","2",0,3.12393936785543e-11
"Acura","Acura MDX","2020","2",0,2.37800295747067e-09
"Acura","Acura MDX","2020","2",0,5.88823702509038e-13
"Acura","Acura MDX","2020","3",0,0.0483744897631597
"Acura","Acura MDX","2020","3",0,0.0463416156228101
"Acura","Acura MDX","2020","3",1,0.0252048403603045
"Acura","Acura MDX","2020","3",0,0.0526966904559122
"Acura","Acura MDX","2020","3",0,0.0373414104575578
"Acura","Acura MDX","2020","3",0,0.0373414104575578
"Acura","Acura MDX","2020","3",0,0.0389956154690869
"Acura","Acura MDX","2020","3",0,0.0407200011730978
"Acura","Acura MDX","2020","3",0,0.0252048403603045
"Acura","Acura MDX","2020","3",0,0.0985825365171403
"Acura","Acura MDX","2020","3",0,0.0425172655992478
"Acura","Acura MDX","2020","3",0,0.0526966904559122
"Acura","Acura MDX","2020","3",0,0.0263361103328081
"Acura","Acura MDX","2020","3",0,0.0770250585524621
"Acura","Acura MDX","2020","3",0,0.0679464899396914
"Acura","Acura MDX","2020","3",0,0.0526966904559122
"Acura","Acura RDX","2018","1",0,4.6327536602457e-15
"Acura","Acura RDX","2018","1",0,4.55516733007813e-12
"Acura","Acura RDX","2018","1",0,1.53454017275108e-12
"Acura","Acura RDX","2018","1",0,3.16953567316685e-12
"Acura","Acura RDX","2018","1",0,9.40852876076662e-12
"Acura","Acura RDX","2018","1",0,4.55516733007813e-12
"Acura","Acura RDX","2018","1",0,2.79285114821377e-11
"Acura","Acura RDX","2018","1",0,3.16953567316685e-12
"Acura","Acura RDX","2018","1",0,5.16954344625979e-13
"Acura","Acura RDX","2018","1",0,2.50284991590921e-13
"Acura","Acura RDX","2018","1",0,1.94329663494923e-11
"Acura","Acura RDX","2018","1",0,4.55516733007813e-12
"Acura","Acura RDX","2018","1",0,1.0498679988309e-09
"Acura","Acura RDX","2018","1",0,3.16953567316685e-12
"Acura","Acura RDX","2018","1",0,5.86678326089361e-14
"Acura","Acura RDX","2018","1",0,4.55516733007813e-12
"Acura","Acura RDX","2018","1",0,5.7685302092743e-11
"Acura","Acura RDX","2018","1",0,4.55516733007813e-12
"Acura","Acura RDX","2018","1",0,1.35216723376414e-11
"Acura","Acura RDX","2018","1",0,1.21176227005078e-13
"Acura","Acura RDX","2018","1",0,2.20539788234314e-12
"Acura","Acura RDX","2018","1",0,2.79285114821377e-11
"Acura","Acura RDX","2018","1",0,6.54655809072078e-12
"Acura","Acura RDX","2018","1",0,1.94329663494923e-11
"Acura","Acura RDX","2018","1",0,1.53454017275108e-12
"Acura","Acura RDX","2018","1",0,9.40852876076662e-12
"Acura","Acura RDX","2018","1",0,3.16953567316685e-12
"Acura","Acura RDX","2018","1",0,1.06774997864991e-12
"Acura","Acura RDX","2018","1",0,1.06774997864991e-12
"Acura","Acura RDX","2018","1",0,1.53454017275108e-12
"Acura","Acura RDX","2018","1",0,2.50284991590921e-13
"Acura","Acura RDX","2018","1",0,2.79285114821377e-11
"Acura","Acura RDX","2018","1",0,2.79285114821377e-11
"Acura","Acura RDX","2018","1",0,2.50284991590921e-13
"Acura","Acura RDX","2018","1",0,5.16954344625979e-13
"Acura","Acura RDX","2018","1",0,3.53678472088294e-10
"Acura","Acura RDX","2018","1",0,3.16953567316685e-12
"Acura","Acura RDX","2018","1",0,1.35216723376414e-11
"Acura","Acura RDX","2018","1",0,1.21176227005078e-13
"Acura","Acura RDX","2018","1",0,2.20539788234314e-12
"Acura","Acura RDX","2018","1",0,9.40852876076662e-12
"Acura","Acura RDX","2018","1",0,1.06774997864991e-12
"Acura","Acura RDX","2018","1",0,1.0498679988309e-09
"Acura","Acura RDX","2018","1",0,4.55516733007813e-12
"Acura","Acura RDX","2018","1",0,4.01380694834263e-11
"Acura","Acura RDX","2018","1",0,1.94329663494923e-11
"Acura","Acura RDX","2018","1",0,1.06774997864991e-12
"Acura","Acura RDX","2018","1",0,6.54655809072078e-12
"Acura","Acura RDX","2018","1",0,2.46093382087638e-10
"Acura","Acura RDX","2018","1",0,3.16953567316685e-12
"Acura","Acura RDX","2018","1",0,1.35216723376414e-11
"Acura","Acura RDX","2018","1",0,1.35216723376414e-11
"Acura","Acura RDX","2018","1",0,9.40852876076662e-12
"Acura","Acura RDX","2018","1",0,3.16953567316685e-12
"Acura","Acura RDX","2018","1",0,8.1515266743474e-08
"Acura","Acura RDX","2018","1",0,7.42952212754915e-13
"Acura","Acura RDX","2018","1",0,3.16953567316685e-12
"Acura","Acura RDX","2018","1",0,3.59702535155938e-13
"Acura","Acura RDX","2018","1",0,2.46093382087638e-10
"Acura","Acura RDX","2018","1",0,2.46093382087638e-10
"Acura","Acura RDX","2018","1",0,2.79285114821377e-11
"Acura","Acura RDX","2018","1",0,5.7685302092743e-11
"Acura","Acura RDX","2018","1",0,1.35216723376414e-11
"Acura","Acura RDX","2018","1",0,5.16954344625979e-13
"Acura","Acura RDX","2018","1",0,9.40852876076662e-12
"Acura","Acura RDX","2018","1",0,4.01380694834263e-11
"Acura","Acura RDX","2018","1",0,1.35216723376414e-11
"Acura","Acura RDX","2018","1",0,1.35216723376414e-11
"Acura","Acura RDX","2018","1",0,2.46093382087638e-10
"Acura","Acura RDX","2018","1",0,1.35216723376414e-11
"Acura","Acura RDX","2018","2",0,0.002678813657113
"Acura","Acura RDX","2018","2",0,0.0029255939709074
"Acura","Acura RDX","2018","2",0,0.00705024164841385
"Acura","Acura RDX","2018","2",0,0.002678813657113
"Acura","Acura RDX","2018","2",0,0.00172370561138486
"Acura","Acura RDX","2018","2",0,0.0029255939709074
"Acura","Acura RDX","2018","2",0,0.00188266461549614
"Acura","Acura RDX","2018","2",0,0.00454363914132238
"Acura","Acura RDX","2018","2",0,0.000778865968248378
"Acura","Acura RDX","2018","2",0,0.0054172710818585
"Acura","Acura RDX","2018","2",0,0.00144486189939317
"Acura","Acura RDX","2018","2",0,0.011921809783654
"Acura","Acura RDX","2018","2",0,0.00769662313839938
"Acura","Acura RDX","2018","2",0,0.00769662313839938
"Acura","Acura RDX","2018","2",0,0.0020562525201523
"Acura","Acura RDX","2018","2",0,0.00144486189939317
"Acura","Acura RDX","2018","2",0,0.00188266461549614
"Acura","Acura RDX","2018","2",0,0.00101507264959933
"Acura","Acura RDX","2018","2",0,0.00769662313839938
"Acura","Acura RDX","2018","2",0,0.00132281889774853
"Acura","Acura RDX","2018","2",0,0.00188266461549614
"Acura","Acura RDX","2018","2",0,0.00454363914132238
"Acura","Acura RDX","2018","2",0,0.00496135813021332
"Acura","Acura RDX","2018","2",0,0.00245279859949033
"Acura","Acura RDX","2018","2",0,0.00172370561138486
"Acura","Acura RDX","2018","2",0,0.00416094271876191
"Acura","Acura RDX","2018","2",0,0.00348920543474028
"Acura","Acura RDX","2018","2",0,0.00496135813021332
"Acura","Acura RDX","2018","2",0,0.00144486189939317
"Acura","Acura RDX","2018","2",0,0.0029255939709074
"Acura","Acura RDX","2018","2",0,0.0154849675658517
"Acura","Acura RDX","2018","2",0,0.00245279859949033
"Acura","Acura RDX","2018","2",0,0.00645779159978535
"Acura","Acura RDX","2018","2",0,0.00645779159978535
"Acura","Acura RDX","2018","2",0,0.00188266461549614
"Acura","Acura RDX","2018","2",0,0.000713037406830051
"Acura","Acura RDX","2018","2",0,0.000713037406830051
"Acura","Acura RDX","2018","2",0,0.002678813657113
"Acura","Acura RDX","2018","2",0,0.0029255939709074
"Acura","Acura RDX","2018","2",0,0.00245279859949033
"Acura","Acura RDX","2018","2",0,0.00144486189939317
"Acura","Acura RDX","2018","2",0,0.000850766735856937
"Acura","Acura RDX","2018","2",0,0.0020562525201523
"Acura","Acura RDX","2018","2",0,0.00132281889774853
"Acura","Acura RDX","2018","2",0,0.00224580979094076
"Acura","Acura RDX","2018","2",0,0.00224580979094076
"Acura","Acura RDX","2018","2",0,0.002678813657113
"Acura","Acura RDX","2018","2",0,0.00416094271876191
"Acura","Acura RDX","2018","2",0,0.000850766735856937
"Acura","Acura RDX","2018","2",0,0.00188266461549614
"Acura","Acura RDX","2018","2",0,0.00132281889774853
"Acura","Acura RDX","2018","2",0,0.002678813657113
"Acura","Acura RDX","2018","2",0,0.00157814677053542
"Acura","Acura RDX","2018","2",0,0.00454363914132238
"Acura","Acura RDX","2018","2",0,0.00144486189939317
"Acura","Acura RDX","2018","2",0,0.0141938575960419
"Acura","Acura RDX","2018","2",0,0.000652768940166725
"Acura","Acura RDX","2018","2",0,0.00224580979094076
"Acura","Acura RDX","2018","2",0,0.00144486189939317
"Acura","Acura RDX","2018","2",0,0.00110875456730122
"Acura","Acura RDX","2018","2",0,0.011921809783654
"Acura","Acura RDX","2018","2",0,0.00319503559267817
"Acura","Acura RDX","2018","2",0,0.00454363914132238
"Acura","Acura RDX","2018","2",0,0.00110875456730122
"Acura","Acura RDX","2018","2",0,0.00144486189939317
"Acura","Acura RDX","2018","2",0,0.00416094271876191
"Acura","Acura RDX","2018","2",0,0.0366653125366317
"Acura","Acura RDX","2018","2",0,0.00319503559267817
"Acura","Acura RDX","2018","2",0,0.00157814677053542
"Acura","Acura RDX","2018","2",0,0.0029255939709074
"Acura","Acura RDX","2018","2",0,0.0029255939709074
"Acura","Acura RDX","2018","2",1,0.00591483010044276
"Acura","Acura RDX","2018","2",0,0.00132281889774853
"Acura","Acura RDX","2018","2",0,0.00348920543474028
"Acura","Acura RDX","2018","2",0,0.00157814677053542
"Acura","Acura RDX","2018","2",0,0.00381035623022334
"Acura","Acura RDX","2018","2",0,0.00416094271876191
"Acura","Acura RDX","2018","2",0,0.00132281889774853
"Acura","Acura RDX","2018","2",0,0.00188266461549614
"Acura","Acura RDX","2018","2",0,0.000850766735856937
"Acura","Acura RDX","2018","2",0,0.00705024164841385
"Acura","Acura RDX","2018","2",0,0.00245279859949033
"Acura","Acura RDX","2018","2",0,0.00319503559267817
"Acura","Acura RDX","2018","2",0,0.00157814677053542
"Acura","Acura RDX","2018","2",0,0.00224580979094076
"Acura","Acura RDX","2018","2",0,0.000929298827253426
"Acura","Acura RDX","2018","2",0,0.00840176485159519
"Acura","Acura RDX","2018","2",0,0.0029255939709074
"Acura","Acura RDX","2018","2",0,0.00224580979094076
"Acura","Acura RDX","2018","2",0,0.00132281889774853
"Acura","Acura RDX","2018","2",0,0.00121107198727452
"Acura","Acura RDX","2018","2",0,0.002678813657113
"Acura","Acura RDX","2018","2",0,0.0200914177133596
"Acura","Acura RDX","2018","2",0,0.0020562525201523
"Acura","Acura RDX","2018","2",0,0.0399177150417741
"Acura","Acura RDX","2018","2",0,0.011921809783654
"Acura","Acura RDX","2018","2",0,0.00172370561138486
"Acura","Acura RDX","2018","2",0,0.00381035623022334
"Acura","Acura RDX","2018","2",0,0.00172370561138486
"Acura","Acura RDX","2018","2",0,0.0020562525201523
"Acura","Acura RDX","2018","2",0,0.00454363914132238
"Acura","Acura RDX","2018","2",0,0.00769662313839938
"Acura","Acura RDX","2018","2",0,0.00416094271876191
"Acura","Acura RDX","2018","2",0,0.00121107198727452
"Acura","Acura RDX","2018","2",0,0.00172370561138486
"Acura","Acura RDX","2018","2",0,0.0020562525201523
"Acura","Acura RDX","2018","2",0,0.000850766735856937
"Acura","Acura RDX","2018","2",0,0.0434456111034458
"Acura","Acura RDX","2018","2",0,0.0434456111034458
"Acura","Acura RDX","2018","2",0,0.0020562525201523
"Acura","Acura RDX","2018","2",0,0.00381035623022334
"Acura","Acura RDX","2018","2",0,0.00101507264959933
"Acura","Acura RDX","2018","2",0,0.00110875456730122
"Acura","Acura RDX","2018","2",0,0.011921809783654
"Acura","Acura RDX","2018","3",0,3.12699090232245e-11
"Acura","Acura RDX","2018","3",0,6.50833952771404e-11
"Acura","Acura RDX","2018","3",0,1.15499603158402e-12
"Acura","Acura RDX","2018","3",0,7.63314461610132e-09
"Acura","Acura RDX","2018","3",0,7.63314461610132e-09
"Acura","Acura RDX","2018","3",0,1.95427454991092e-10
"Acura","Acura RDX","2018","3",0,2.16747863836498e-11
"Acura","Acura RDX","2018","3",0,6.50833952771404e-11
"Acura","Acura RDX","2018","3",0,4.06751496765994e-10
"Acura","Acura RDX","2018","3",0,9.38948976555927e-11
"Acura","Acura RDX","2018","3",0,1.15499603158402e-12
"Acura","Acura RDX","2018","3",0,1.84808326064371e-13
"Acura","Acura RDX","2018","3",0,7.21837517484676e-12
"Acura","Acura RDX","2018","3",0,9.38948976555927e-11
"Acura","Acura RDX","2018","3",0,1.66629650649706e-12
"Acura","Acura RDX","2018","3",0,1.15499603158402e-12
"Acura","Acura RDX","2018","3",0,2.40394249991993e-12
"Acura","Acura RDX","2018","3",0,1.95427454991092e-10
"Acura","Acura RDX","2018","3",0,2.81940436670301e-10
"Acura","Acura RDX","2018","3",0,1.66629650649706e-12
"Acura","Acura RDX","2018","3",0,8.46589237377681e-10
"Acura","Acura RDX","2018","3",0,1.04138481929711e-11
"Acura","Acura RDX","2018","3",0,1.76204228429716e-09
"Acura","Acura RDX","2018","3",0,2.2920224074694e-08
"Acura","Acura RDX","2018","3",0,1.28100180475481e-13
"Acura","Acura RDX","2018","3",0,2.16747863836498e-11
"Acura","Acura RDX","2018","3",0,1.35460846320327e-10
"Acura","Acura RDX","2018","3",0,1.04138481929711e-11
"Acura","Acura RDX","2018","3",0,2.2920224074694e-08
"Acura","Acura RDX","2018","3",0,5.86814655131244e-10
"Acura","Acura RDX","2018","3",0,2.16747863836498e-11
"Acura","Acura RDX","2018","3",0,5.0034280507336e-12
"Acura","Acura RDX","2018","3",0,4.51126573064724e-11
"Acura","Acura RDX","2018","3",0,2.06656718882365e-07
"Acura","Acura RDX","2018","3",0,2.81940436670301e-10
"Acura","Acura RDX","2018","3",0,1.50239121075326e-11
"Acura","Acura RDX","2018","3",0,3.30666841027335e-08
"Acura","Acura RDX","2018","3",0,7.21837517484676e-12
"Acura","Acura RDX","2018","3",0,2.54207358297936e-09
"Acura","Acura RDX","2018","3",0,6.50833952771404e-11
"Acura","Acura RDX","2018","3",0,1.28100180475481e-13
"Acura","Acura RDX","2018","3",0,2.16747863836498e-11
"Acura","Acura RDX","2018","3",0,7.21837517484676e-12
"Acura","Acura RDX","2018","3",0,1.50239121075326e-11
"Acura","Acura RDX","2018","3",0,5.86814655131244e-10
"Acura","Acura RDX","2018","3",0,4.51126573064724e-11
"Acura","Acura RDX","2018","3",0,7.21837517484676e-12
"Acura","Acura RDX","2018","3",0,3.84649450921814e-13
"Acura","Acura RDX","2018","3",0,3.12699090232245e-11
"Acura","Acura RDX","2018","3",0,1.50239121075326e-11
"Acura","Acura RDX","2018","3",0,3.46813398479005e-12
"Acura","Acura RDX","2018","3",0,2.04970227384498e-14
"Acura","Acura RDX","2018","3",0,2.54207358297936e-09
"Acura","Acura RDX","2018","3",0,1.50239121075326e-11
"Acura","Acura RDX","2019","1",0,2.61467912333491e-13
"Acura","Acura RDX","2019","1",0,1.39082446211462e-14
"Acura","Acura RDX","2019","1",0,1.20389434722816e-09
"Acura","Acura RDX","2019","1",0,9.24082097940606e-11
"Acura","Acura RDX","2019","1",0,4.91546352843045e-12
"Acura","Acura RDX","2019","1",0,2.00696861199728e-14
"Acura","Acura RDX","2019","1",0,1.92418611516397e-10
"Acura","Acura RDX","2019","1",0,6.03038944456754e-14
"Acura","Acura RDX","2019","1",0,3.40640450334699e-12
"Acura","Acura RDX","2019","1",0,6.40386690240969e-11
"Acura","Acura RDX","2019","1",0,1.13368248947131e-12
"Acura","Acura RDX","2019","1",0,7.85639261721737e-13
"Acura","Acura RDX","2019","1",0,1.63591109756539e-12
"Acura","Acura RDX","2019","1",0,3.40640450334699e-12
"Acura","Acura RDX","2019","1",0,8.34295912021745e-10
"Acura","Acura RDX","2019","1",0,3.40640450334699e-12
"Acura","Acura RDX","2019","1",0,4.43786449221495e-11
"Acura","Acura RDX","2019","1",0,1.84481478916485e-06
"Acura","Acura RDX","2019","1",0,1.02353099286037e-11
"Acura","Acura RDX","2019","1",0,2.61467912333491e-13
"Acura","Acura RDX","2019","1",0,1.63591109756539e-12
"Acura","Acura RDX","2019","1",0,7.53233577645995e-09
"Acura","Acura RDX","2019","1",0,1.13368248947131e-12
"Acura","Acura RDX","2019","1",0,1.13368248947131e-12
"Acura","Acura RDX","2019","1",0,4.17904550447141e-14
"Acura","Acura RDX","2019","1",0,4.43786449221495e-11
"Acura","Acura RDX","2019","1",0,1.13368248947131e-12
"Acura","Acura RDX","2019","1",0,3.07542951021242e-11
"Acura","Acura RDX","2019","1",0,6.40386690240969e-11
"Acura","Acura RDX","2019","1",0,6.40386690240969e-11
"Acura","Acura RDX","2019","1",0,5.44446134866608e-13
"Acura","Acura RDX","2019","1",0,7.09304537249563e-12
"Acura","Acura RDX","2019","1",0,3.40640450334699e-12
"Acura","Acura RDX","2019","1",0,1.56843378217313e-08
"Acura","Acura RDX","2019","1",0,7.09304537249563e-12
"Acura","Acura RDX","2019","1",0,1.63591109756539e-12
"Acura","Acura RDX","2019","1",0,4.91546352843045e-12
"Acura","Acura RDX","2019","1",0,1.8119663972701e-13
"Acura","Acura RDX","2019","1",0,5.44446134866608e-13
"Acura","Acura RDX","2019","1",0,2.50683006351576e-09
"Acura","Acura RDX","2019","1",0,2.3606301976006e-12
"Acura","Acura RDX","2019","1",0,3.40640450334699e-12
"Acura","Acura RDX","2019","1",0,1.56843378217313e-08
"Acura","Acura RDX","2019","1",0,4.43786449221495e-11
"Acura","Acura RDX","2019","1",0,1.8119663972701e-13
"Acura","Acura RDX","2019","1",0,7.09304537249563e-12
"Acura","Acura RDX","2019","1",0,2.77661289518479e-10
"Acura","Acura RDX","2019","1",0,1.63591109756539e-12
"Acura","Acura RDX","2019","1",0,1.47696178203872e-11
"Acura","Acura RDX","2019","1",0,1.63591109756539e-12
"Acura","Acura RDX","2019","1",0,5.44446134866608e-13
"Acura","Acura RDX","2019","1",0,3.40640450334699e-12
"Acura","Acura RDX","2019","1",0,7.09304537249563e-12
"Acura","Acura RDX","2019","1",0,2.3606301976006e-12
"Acura","Acura RDX","2019","1",0,1.25568839232873e-13
"Acura","Acura RDX","2019","1",0,1.47696178203872e-11
"Acura","Acura RDX","2019","2",0,1.09767617638199e-12
"Acura","Acura RDX","2019","2",0,5.21490961153303e-13
"Acura","Acura RDX","2019","2",0,2.47753233982802e-13
"Acura","Acura RDX","2019","2",0,3.85434600902134e-14
"Acura","Acura RDX","2019","2",0,8.90269134704598e-10
"Acura","Acura RDX","2019","2",0,6.13631422097203e-10
"Acura","Acura RDX","2019","2",0,1.5925312570589e-12
"Acura","Acura RDX","2019","2",0,9.54638527204724e-11
"Acura","Acura RDX","2019","2",0,5.21490961153303e-13
"Acura","Acura RDX","2019","2",0,2.15468630462947e-11
"Acura","Acura RDX","2019","2",0,1.3850092827126e-10
"Acura","Acura RDX","2019","2",0,2.65666609109274e-14
"Acura","Acura RDX","2019","2",0,2.31047722386431e-12
"Acura","Acura RDX","2019","2",0,8.90269134704598e-10
"Acura","Acura RDX","2019","2",0,7.05574491564657e-12
"Acura","Acura RDX","2019","2",0,1.17704178061264e-13
"Acura","Acura RDX","2019","2",0,1.3850092827126e-10
"Acura","Acura RDX","2019","2",0,1.02366203819852e-11
"Acura","Acura RDX","2019","2",0,1.02366203819852e-11
"Acura","Acura RDX","2019","2",0,6.57998996098086e-11
"Acura","Acura RDX","2019","2",0,2.00940005928701e-10
"Acura","Acura RDX","2019","2",0,1.5925312570589e-12
"Acura","Acura RDX","2019","2",0,5.21490961153303e-13
"Acura","Acura RDX","2019","2",0,1.48515001743259e-11
"Acura","Acura RDX","2019","2",0,1.74755608391674e-08
"Acura","Acura RDX","2019","2",0,3.35208805373955e-12
"Acura","Acura RDX","2019","2",0,4.53535727423295e-11
"Acura","Acura RDX","2019","2",0,5.21490961153303e-13
"Acura","Acura RDX","2019","2",0,2.15468630462947e-11
"Acura","Acura RDX","2019","2",0,9.32853474077007e-16
"Acura","Acura RDX","2019","2",0,3.59445506465914e-13
"Acura","Acura RDX","2019","2",0,2.91527908769033e-10
"Acura","Acura RDX","2019","2",0,5.21490961153303e-13
"Acura","Acura RDX","2019","2",0,1.09767617638199e-12
"Acura","Acura RDX","2019","2",0,1.5925312570589e-12
"Acura","Acura RDX","2019","2",0,2.47753233982802e-13
"Acura","Acura RDX","2019","2",0,5.21490961153303e-13
"Acura","Acura RDX","2019","2",0,1.48515001743259e-11
"Acura","Acura RDX","2019","2",0,7.05574491564657e-12
"Acura","Acura RDX","2019","2",0,3.35208805373955e-12
"Acura","Acura RDX","2019","2",0,8.90269134704598e-10
"Acura","Acura RDX","2019","2",0,4.86327854867359e-12
"Acura","Acura RDX","2019","2",0,1.5925312570589e-12
"Acura","Acura RDX","2019","2",0,1.5925312570589e-12
"Acura","Acura RDX","2019","2",0,3.35208805373955e-12
"Acura","Acura RDX","2019","2",0,1.48515001743259e-11
"Acura","Acura RDX","2019","2",0,1.48515001743259e-11
"Acura","Acura RDX","2019","2",0,2.00940005928701e-10
"Acura","Acura RDX","2019","2",0,1.5925312570589e-12
"Acura","Acura RDX","2019","2",0,3.43036864223056e-07
"Acura","Acura RDX","2019","2",0,6.57998996098086e-11
"Acura","Acura RDX","2019","2",0,2.00940005928701e-10
"Acura","Acura RDX","2019","2",0,2.31047722386431e-12
"Acura","Acura RDX","2019","2",0,4.22954708272131e-10
"Acura","Acura RDX","2019","2",0,1.70767651409646e-13
"Acura","Acura RDX","2019","2",0,6.57998996098086e-11
"Acura","Acura RDX","2019","2",0,3.35208805373955e-12
"Acura","Acura RDX","2019","2",0,3.35208805373955e-12
"Acura","Acura RDX","2019","2",0,6.13631422097203e-10
"Acura","Acura RDX","2019","2",0,7.05574491564657e-12
"Acura","Acura RDX","2019","2",0,3.9443570565766e-09
"Acura","Acura RDX","2019","2",0,3.12606337194788e-11
"Acura","Acura RDX","2019","2",0,2.31047722386431e-12
"Acura","Acura RDX","2019","2",0,1.48515001743259e-11
"Acura","Acura RDX","2019","2",0,2.31047722386431e-12
"Acura","Acura RDX","2019","2",0,5.21490961153303e-13
"Acura","Acura RDX","2019","2",0,2.00940005928701e-10
"Acura","Acura RDX","2019","2",0,3.12606337194788e-11
"Acura","Acura RDX","2019","2",0,3.35208805373955e-12
"Acura","Acura RDX","2019","2",0,1.48515001743259e-11
"Acura","Acura RDX","2019","2",0,2.31047722386431e-12
"Acura","Acura RDX","2019","2",0,2.31047722386431e-12
"Acura","Acura RDX","2019","2",0,8.90269134704598e-10
"Acura","Acura RDX","2019","2",0,2.31047722386431e-12
"Acura","Acura RDX","2019","2",0,1.20452938183776e-08
"Acura","Acura RDX","2019","2",0,1.3850092827126e-10
"Acura","Acura RDX","2019","2",0,3.12606337194788e-11
"Acura","Acura RDX","2019","2",0,1.48515001743259e-11
"Acura","Acura RDX","2019","2",0,8.30240037853566e-09
"Acura","Acura RDX","2019","2",0,1.17704178061264e-13
"Acura","Acura RDX","2019","2",0,1.5925312570589e-12
"Acura","Acura RDX","2019","2",0,3.35208805373955e-12
"Acura","Acura RDX","2019","2",0,3.43036864223056e-07
"Acura","Acura RDX","2019","2",0,7.56589852070847e-13
"Acura","Acura RDX","2019","2",0,1.0475666586982e-06
"Acura","Acura RDX","2019","2",0,2.31047722386431e-12
"Acura","Acura RDX","2019","2",0,2.15468630462947e-11
"Acura","Acura RDX","2019","2",0,8.90269134704598e-10
"Acura","Acura RDX","2019","2",0,2.91527908769033e-10
"Acura","Acura RDX","2019","2",0,2.00940005928701e-10
"Acura","Acura RDX","2019","2",0,1.5925312570589e-12
"Acura","Acura RDX","2019","2",0,1.48515001743259e-11
"Acura","Acura RDX","2019","2",0,2.00940005928701e-10
"Acura","Acura RDX","2019","2",0,4.86327854867359e-12
"Acura","Acura RDX","2019","2",0,1.17704178061264e-13
"Acura","Acura RDX","2019","2",0,2.53539042302037e-08
"Acura","Acura RDX","2019","2",0,2.53539042302037e-08
"Acura","Acura RDX","2019","2",0,1.5925312570589e-12
"Acura","Acura RDX","2019","2",0,1.09767617638199e-12
"Acura","Acura RDX","2019","2",0,2.15468630462947e-11
"Acura","Acura RDX","2019","2",0,6.57998996098086e-11
"Acura","Acura RDX","2019","2",0,3.59445506465914e-13
"Acura","Acura RDX","2019","2",0,1.12331023025575e-07
"Acura","Acura RDX","2019","2",0,4.53535727423295e-11
"Acura","Acura RDX","2019","2",0,1.17704178061264e-13
"Acura","Acura RDX","2019","2",0,1.20452938183776e-08
"Acura","Acura RDX","2019","2",0,1.3850092827126e-10
"Acura","Acura RDX","2019","2",0,1.17704178061264e-13
"Acura","Acura RDX","2019","2",0,2.47753233982802e-13
"Acura","Acura RDX","2019","2",0,5.21490961153303e-13
"Acura","Acura RDX","2019","2",0,3.35208805373955e-12
"Acura","Acura RDX","2019","2",0,9.54638527204724e-11
"Acura","Acura RDX","2019","2",0,7.05574491564657e-12
"Acura","Acura RDX","2019","2",0,4.22954708272131e-10
"Acura","Acura RDX","2019","2",0,1.5925312570589e-12
"Acura","Acura RDX","2019","2",0,1.62972158907673e-07
"Acura","Acura RDX","2019","2",0,2.15468630462947e-11
"Acura","Acura RDX","2019","2",0,8.90269134704598e-10
"Acura","Acura RDX","2019","2",0,2.71870756587143e-09
"Acura","Acura RDX","2019","2",0,3.9443570565766e-09
"Acura","Acura RDX","2019","2",0,7.56589852070847e-13
"Acura","Acura RDX","2019","2",0,2.31047722386431e-12
"Acura","Acura RDX","2019","2",0,3.12606337194788e-11
"Acura","Acura RDX","2019","2",0,9.54638527204724e-11
"Acura","Acura RDX","2019","2",0,1.5925312570589e-12
"Acura","Acura RDX","2019","2",0,1.09767617638199e-12
"Acura","Acura RDX","2019","2",0,4.53535727423295e-11
"Acura","Acura RDX","2019","2",0,4.22954708272131e-10
"Acura","Acura RDX","2019","2",0,2.20500012303446e-06
"Acura","Acura RDX","2019","2",0,2.91527908769033e-10
"Acura","Acura RDX","2019","2",0,6.57998996098086e-11
"Acura","Acura RDX","2019","2",0,4.86327854867359e-12
"Acura","Acura RDX","2019","2",0,3.59445506465914e-13
"Acura","Acura RDX","2019","2",0,2.65666609109274e-14
"Acura","Acura RDX","2019","2",0,3.12606337194788e-11
"Acura","Acura RDX","2019","2",0,2.00940005928701e-10
"Acura","Acura RDX","2019","2",0,7.56589852070847e-13
"Acura","Acura RDX","2019","2",0,1.20452938183776e-08
"Acura","Acura RDX","2019","2",0,1.29162083877654e-09
"Acura","Acura RDX","2019","2",0,3.35208805373955e-12
"Acura","Acura RDX","2019","2",0,9.54638527204724e-11
"Acura","Acura RDX","2019","2",0,7.05574491564657e-12
"Acura","Acura RDX","2019","2",0,4.86327854867359e-12
"Acura","Acura RDX","2019","2",0,9.54638527204724e-11
"Acura","Acura RDX","2019","3",0,0.00224795198111025
"Acura","Acura RDX","2019","3",0,0.00106272967465061
"Acura","Acura RDX","2019","3",0,0.00116711164119253
"Acura","Acura RDX","2019","3",0,0.00628220651872164
"Acura","Acura RDX","2019","3",0,0.00393967053380353
"Acura","Acura RDX","2019","3",0,0.00186416391736399
"Acura","Acura RDX","2019","3",0,0.00106272967465061
"Acura","Acura RDX","2019","3",0,0.00186416391736399
"Acura","Acura RDX","2019","3",0,0.000502095890661857
"Acura","Acura RDX","2019","3",0,0.00326800496052105
"Acura","Acura RDX","2019","3",0,0.00326800496052105
"Acura","Acura RDX","2019","3",0,0.00106272967465061
"Acura","Acura RDX","2019","3",0,0.00128173291421002
"Acura","Acura RDX","2019","3",0,0.00186416391736399
"Acura","Acura RDX","2019","3",0,0.00106272967465061
"Acura","Acura RDX","2019","3",0,0.00140759520404173
"Acura","Acura RDX","2019","3",0,0.0209511656692735
"Acura","Acura RDX","2019","3",0,0.00106272967465061
"Acura","Acura RDX","2019","3",0,0.00358821238462015
"Acura","Acura RDX","2019","3",0,0.00474872430253538
"Acura","Acura RDX","2019","3",0,0.000457163147325582
"Acura","Acura RDX","2019","3",0,0.00756866985446446
"Acura","Acura RDX","2019","3",0,0.00116711164119253
"Acura","Acura RDX","2019","3",0,0.00830675548402843
"Acura","Acura RDX","2019","3",0,0.00521325752408414
"Acura","Acura RDX","2019","3",0,0.00224795198111025
"Acura","Acura RDX","2019","3",0,0.00358821238462015
"Acura","Acura RDX","2019","3",0,0.00154579766001136
"Acura","Acura RDX","2019","3",0,0.00106272967465061
"Acura","Acura RDX","2019","3",0,0.000457163147325582
"Acura","Acura RDX","2019","3",0,0.00154579766001136
"Acura","Acura RDX","2019","3",0,0.00474872430253538
"Acura","Acura RDX","2019","3",0,0.000162972481446975
"Acura","Acura RDX","2019","3",0,0.00689570981487068
"Acura","Acura RDX","2019","3",0,0.00474872430253538
"Acura","Acura RDX","2019","3",0,0.00116711164119253
"Acura","Acura RDX","2019","3",0,0.00140759520404173
"Acura","Acura RDX","2019","3",0,0.00628220651872164
"Acura","Acura RDX","2019","3",0,0.00911615698813968
"Acura","Acura RDX","2019","3",0,0.00140759520404173
"Acura","Acura RDX","2019","3",0,0.00756866985446446
"Acura","Acura RDX","2019","3",0,0.00204710193745583
"Acura","Acura RDX","2019","3",0,0.00224795198111025
"Acura","Acura RDX","2019","3",0,0.00154579766001136
"Acura","Acura RDX","2019","3",0,0.00116711164119253
"Acura","Acura RDX","2019","3",0,0.00154579766001136
"Acura","Acura RDX","2019","3",0,0.000730511928114196
"Acura","Acura RDX","2019","3",0,0.00393967053380353
"Acura","Acura RDX","2019","3",0,0.00689570981487068
"Acura","Acura RDX","2019","3",0,0.00326800496052105
"Acura","Acura RDX","2019","3",0,0.0396267737607853
"Acura","Acura RDX","2019","3",0,0.00911615698813968
"Acura","Acura RDX","2019","3",0,0.00297628707870982
"Acura","Acura RDX","2019","3",0,0.00116711164119253
"Acura","Acura RDX","2019","3",0,0.000314190771229935
"Acura","Acura RDX","2019","3",0,0.00128173291421002
"Acura","Acura RDX","2019","3",0,0.00116711164119253
"Acura","Acura RDX","2019","3",0,0.00128173291421002
"Acura","Acura RDX","2019","3",0,0.000378996520335666
"Acura","Acura RDX","2019","3",0,0.00756866985446446
"Acura","Acura RDX","2019","3",0,0.00116711164119253
"Acura","Acura RDX","2019","3",0,0.00271053852751936
"Acura","Acura RDX","2019","3",0,0.00169754623356026
"Acura","Acura RDX","2019","3",0,0.00204710193745583
"Acura","Acura RDX","2019","3",0,0.00224795198111025
"Acura","Acura RDX","2019","3",0,0.00271053852751936
"Acura","Acura RDX","2019","3",0,0.00246845954916403
"Acura","Acura RDX","2019","3",0,0.00326800496052105
"Acura","Acura RDX","2019","3",0,0.00326800496052105
"Acura","Acura RDX","2019","3",0,0.00358821238462015
"Acura","Acura RDX","2019","3",0,0.00140759520404173
"Acura","Acura RDX","2019","3",0,0.00169754623356026
"Acura","Acura RDX","2019","3",0,0.00628220651872164
"Acura","Acura RDX","2019","3",0,0.0362073953780426
"Acura","Acura RDX","2019","3",0,0.00432540386162181
"Acura","Acura RDX","2019","3",0,0.00128173291421002
"Acura","Acura RDX","2019","3",0,0.0100036301550144
"Acura","Acura RDX","2019","3",0,0.00432540386162181
"Acura","Acura RDX","2019","3",0,0.00106272967465061
"Acura","Acura RDX","2019","3",0,0.00186416391736399
"Acura","Acura RDX","2019","3",0,0.00128173291421002
"Acura","Acura RDX","2019","3",0,0.00432540386162181
"Acura","Acura RDX","2019","3",0,0.00154579766001136
"Acura","Acura RDX","2019","3",0,0.00326800496052105
"Acura","Acura RDX","2019","3",0,0.000802289468991272
"Acura","Acura RDX","2019","3",0,0.0144918605443377
"Acura","Acura RDX","2019","3",0,0.0144918605443377
"Acura","Acura RDX","2019","3",0,0.00358821238462015
"Acura","Acura RDX","2019","3",0,0.00128173291421002
"Acura","Acura RDX","2019","3",0,0.00128173291421002
"Acura","Acura RDX","2019","3",0,0.00572297135444352
"Acura","Acura RDX","2019","3",0,0.00393967053380353
"Acura","Acura RDX","2019","3",0,0.00106272967465061
"Acura","Acura RDX","2019","3",0,0.00521325752408414
"Acura","Acura RDX","2019","3",0,0.000881113400690838
"Acura","Acura RDX","2019","3",0,0.00572297135444352
"Acura","Acura RDX","2019","3",0,0.00116711164119253
"Acura","Acura RDX","2019","3",0,0.00521325752408414
"Acura","Acura RDX","2019","3",0,0.00297628707870982
"Acura","Acura RDX","2019","3",1,0.00358821238462015
"Acura","Acura RDX","2019","3",0,0.00689570981487068
"Acura","Acura RDX","2019","3",0,0.00358821238462015
"Acura","Acura RDX","2019","3",0,0.00521325752408414
"Acura","Acura RDX","2019","3",0,0.00271053852751936
"Acura","Acura RDX","2019","3",0,0.000730511928114196
"Acura","Acura RDX","2019","3",0,0.00169754623356026
"Acura","Acura RDX","2019","3",0,0.00474872430253538
"Acura","Acura RDX","2019","3",0,0.00326800496052105
"Acura","Acura RDX","2019","3",0,0.00271053852751936
"Acura","Acura RDX","2019","3",0,0.00116711164119253
"Acura","Acura RDX","2019","3",0,0.00154579766001136
"Acura","Acura RDX","2019","3",0,0.000605635924133476
"Acura","Acura RDX","2019","3",0,0.00186416391736399
"Acura","Acura RDX","2019","3",0,0.00204710193745583
"Acura","Acura RDX","2019","3",0,0.00911615698813968
"Acura","Acura RDX","2019","3",0,0.000730511928114196
"Acura","Acura RDX","2019","3",0,0.0191112292723168
"Acura","Acura RDX","2019","3",0,0.00116711164119253
"Acura","Acura RDX","2019","3",0,0.00326800496052105
"Acura","Acura RDX","2019","3",0,0.00246845954916403
"Acura","Acura RDX","2019","3",0,0.0109765432574429
"Acura","Acura RDX","2019","3",0,0.00911615698813968
"Acura","Acura RDX","2019","3",0,0.000665151753972868
"Acura","Acura RDX","2019","3",0,0.00128173291421002
"Acura","Acura RDX","2019","3",0,0.00271053852751936
"Acura","Acura RDX","2019","3",0,0.00116711164119253
"Acura","Acura RDX","2019","3",0,0.00393967053380353
"Acura","Acura RDX","2019","3",0,0.000881113400690838
"Acura","Acura RDX","2019","3",0,0.00204710193745583
"Acura","Acura RDX","2019","3",0,0.000967674184556487
"Acura","Acura RDX","2019","3",0,0.00128173291421002
"Acura","Acura RDX","2019","3",0,0.00224795198111025
"Acura","Acura RDX","2019","3",0,0.00246845954916403
"Acura","Acura RDX","2019","3",0,0.00271053852751936
"Acura","Acura RDX","2019","3",0,0.00186416391736399
"Acura","Acura RDX","2019","3",0,0.00106272967465061
"Acura","Acura RDX","2019","3",0,0.0209511656692735
"Acura","Acura RDX","2019","3",0,0.00393967053380353
"Acura","Acura RDX","2019","3",0,0.022964095092584
"Acura","Acura RDX","2019","3",0,0.00204710193745583
"Acura","Acura RDX","2019","3",0,0.00106272967465061
"Acura","Acura RDX","2019","3",0,0.00116711164119253
"Acura","Acura RDX","2019","3",0,0.00271053852751936
"Acura","Acura RDX","2019","3",0,0.00128173291421002
"Acura","Acura RDX","2019","3",0,0.000665151753972868
"Acura","Acura RDX","2019","3",0,0.000881113400690838
"Acura","Acura RDX","2019","3",0,0.000730511928114196
"Acura","Acura RDX","2019","3",0,0.00154579766001136
"Acura","Acura RDX","2019","3",0,0.00521325752408414
"Acura","Acura RDX","2019","3",0,0.00358821238462015
"Acura","Acura RDX","2019","3",0,0.00204710193745583
"Acura","Acura RDX","2019","3",0,0.00140759520404173
"Acura","Acura RDX","2020","1",0,1.13615280963557e-11
"Acura","Acura RDX","2020","1",0,2.15033621966771e-11
"Acura","Acura RDX","2020","1",0,8.2585144903872e-12
"Acura","Acura RDX","2020","1",0,7.70274670258394e-11
"Acura","Acura RDX","2020","1",0,2.95829297202079e-11
"Acura","Acura RDX","2020","1",0,5.07090743962207e-05
"Acura","Acura RDX","2020","1",0,6.70089753567372e-09
"Acura","Acura RDX","2020","1",0,3.79594293439276e-10
"Acura","Acura RDX","2020","1",0,7.18438004791947e-10
"Acura","Acura RDX","2020","1",0,3.54048986227649e-09
"Acura","Acura RDX","2020","1",0,4.06982741965505e-11
"Acura","Acura RDX","2020","1",0,8.2585144903872e-12
"Acura","Acura RDX","2020","1",0,2.95829297202079e-11
"Acura","Acura RDX","2020","1",0,7.18438004791947e-10
"Acura","Acura RDX","2020","1",0,3.30222776042699e-08
"Acura","Acura RDX","2020","1",0,2.15033621966771e-11
"Acura","Acura RDX","2020","1",0,7.18438004791947e-10
"Acura","Acura RDX","2020","1",0,1.8706551442497e-09
"Acura","Acura RDX","2020","1",0,1.26824336189603e-08
"Acura","Acura RDX","2020","1",0,7.70274670258394e-11
"Acura","Acura RDX","2020","1",0,2.15033621966771e-11
"Acura","Acura RDX","2020","1",0,1.35974954179833e-09
"Acura","Acura RDX","2020","1",0,2.00562646501925e-10
"Acura","Acura RDX","2020","1",0,1.45785805254791e-10
"Acura","Acura RDX","2020","1",0,2.57352590346018e-09
"Acura","Acura RDX","2020","1",0,1.05969388538488e-10
"Acura","Acura RDX","2020","1",0,1.05969388538488e-10
"Acura","Acura RDX","2020","1",0,9.88380366015756e-10
"Acura","Acura RDX","2020","1",0,1.35974954179833e-09
"Acura","Acura RDX","2020","1",0,4.87077609884345e-09
"Acura","Acura RDX","2020","1",0,4.06982741965505e-11
"Acura","Acura RDX","2020","1",0,1.05969388538488e-10
"Acura","Acura RDX","2020","1",0,9.88380366015756e-10
"Acura","Acura RDX","2020","1",0,1.35974954179833e-09
"Acura","Acura RDX","2020","1",0,5.59900435229458e-11
"Acura","Acura RDX","2020","1",0,9.88380366015756e-10
"Acura","Acura RDX","2020","1",0,1.05969388538488e-10
"Acura","Acura RDX","2020","1",0,1.74476687512652e-08
"Acura","Acura RDX","2020","1",0,1.56304527690036e-11
"Acura","Acura RDX","2020","1",0,5.22221185728364e-10
"Acura","Acura RDX","2020","1",0,1.56304527690036e-11
"Acura","Acura RDX","2020","2",0,0.0144016260949189
"Acura","Acura RDX","2020","2",0,0.0249464751273329
"Acura","Acura RDX","2020","2",0,0.00778072602329249
"Acura","Acura RDX","2020","2",0,0.00571182893751062
"Acura","Acura RDX","2020","2",0,0.0249464751273329
"Acura","Acura RDX","2020","2",0,0.0281601682820146
"Acura","Acura RDX","2020","2",0,0.0127375051932448
"Acura","Acura RDX","2020","2",0,0.00936303656583454
"Acura","Acura RDX","2020","2",0,0.00880303132101854
"Acura","Acura RDX","2020","2",0,0.00995830865714029
"Acura","Acura RDX","2020","2",0,0.0183978340237716
"Acura","Acura RDX","2020","2",0,0.0162795748757612
"Acura","Acura RDX","2020","2",0,0.0220911981074428
"Acura","Acura RDX","2020","2",0,0.0112634774552916
"Acura","Acura RDX","2020","2",0,0.00936303656583454
"Acura","Acura RDX","2020","2",0,0.0403936517054544
"Acura","Acura RDX","2020","2",0,0.0144016260949189
"Acura","Acura RDX","2020","2",0,0.0144016260949189
"Acura","Acura RDX","2020","2",0,0.00419072864507398
"Acura","Acura RDX","2020","2",0,0.0127375051932448
"Acura","Acura RDX","2020","2",0,0.0112634774552916
"Acura","Acura RDX","2020","2",0,0.0173068961614567
"Acura","Acura RDX","2020","2",0,0.0173068961614567
"Acura","Acura RDX","2020","2",0,0.0112634774552916
"Acura","Acura RDX","2020","2",0,0.0082762402864885
"Acura","Acura RDX","2020","2",0,0.0105910216441362
"Acura","Acura RDX","2020","2",0,0.0195561705007778
"Acura","Acura RDX","2020","2",1,0.0144016260949189
"Acura","Acura RDX","2020","2",0,0.0112634774552916
"Acura","Acura RDX","2020","2",0,0.0112634774552916
"Acura","Acura RDX","2020","2",0,0.0135443820208596
"Acura","Acura RDX","2020","2",0,0.0207858920842388
"Acura","Acura RDX","2020","2",0,0.0144016260949189
"Acura","Acura RDX","2020","2",0,0.00936303656583454
"Acura","Acura RDX","2020","2",0,0.0119781126131237
"Acura","Acura RDX","2020","2",0,0.0105910216441362
"Acura","Acura RDX","2020","2",0,0.015312284226711
"Acura","Acura RDX","2020","2",0,0.0265059838014967
"Acura","Acura RDX","2020","2",0,0.0173068961614567
"Acura","Acura RDX","2020","2",0,0.048285466555769
"Acura","Acura RDX","2020","2",0,0.0173068961614567
"Acura","Acura RDX","2020","2",0,0.0068763184999575
"Acura","Acura RDX","2020","2",0,0.0105910216441362
"Acura","Acura RDX","2020","2",0,0.0358353293372717
"Acura","Acura RDX","2020","2",0,0.00778072602329249
"Acura","Acura RDX","2020","2",0,0.0105910216441362
"Acura","Acura RDX","2020","2",0,0.0337459459417033
"Acura","Acura RDX","2020","2",0,0.0068763184999575
"Acura","Acura RDX","2020","2",0,0.0119781126131237
"Acura","Acura RDX","2020","2",0,0.0173068961614567
"Acura","Acura RDX","2020","2",0,0.0135443820208596
"Acura","Acura RDX","2020","2",0,0.0144016260949189
"Acura","Acura RDX","2020","2",0,0.0144016260949189
"Acura","Acura RDX","2020","2",0,0.0265059838014967
"Acura","Acura RDX","2020","2",0,0.0249464751273329
"Acura","Acura RDX","2020","2",0,0.00936303656583454
"Acura","Acura RDX","2020","2",0,0.0234765091114774
"Acura","Acura RDX","2020","2",0,0.0265059838014967
"Acura","Acura RDX","2020","2",0,0.0135443820208596
"Acura","Acura RDX","2020","2",0,0.00731466032463679
"Acura","Acura RDX","2020","2",0,0.0144016260949189
"Acura","Acura RDX","2020","2",0,0.0127375051932448
"Acura","Acura RDX","2020","2",0,0.0317743696314915
"Acura","Acura RDX","2020","2",1,0.0428763644644718
"Acura","Acura RDX","2020","2",0,0.0068763184999575
"Acura","Acura RDX","2020","2",0,0.0358353293372717
"Acura","Acura RDX","2020","2",0,0.00880303132101854
"Acura","Acura RDX","2020","2",0,0.0082762402864885
"Acura","Acura RDX","2020","2",0,0.0317743696314915
"Acura","Acura RDX","2020","2",0,0.0112634774552916
"Acura","Acura RDX","2020","2",0,0.0207858920842388
"Acura","Acura RDX","2020","2",0,0.102290302498006
"Acura","Acura RDX","2020","2",0,0.0195561705007778
"Acura","Acura RDX","2020","2",0,0.00778072602329249
"Acura","Acura RDX","2020","2",0,0.0112634774552916
"Acura","Acura RDX","2020","2",0,0.0127375051932448
"Acura","Acura RDX","2020","2",0,0.0428763644644718
"Acura","Acura RDX","2020","2",0,0.0112634774552916
"Acura","Acura RDX","2020","2",0,0.0162795748757612
"Acura","Acura RDX","2020","3",0,0.0176961498583794
"Acura","Acura RDX","2020","3",0,0.0157252484996446
"Acura","Acura RDX","2020","3",0,0.0251775671110583
"Acura","Acura RDX","2020","3",0,0.0148224432961458
"Acura","Acura RDX","2020","3",0,0.0378329258583303
"Acura","Acura RDX","2020","3",0,0.0092209365493168
"Acura","Acura RDX","2020","3",0,0.0223924203875819
"Acura","Acura RDX","2020","3",0,0.0139707335245997
"Acura","Acura RDX","2020","3",0,0.0317950196254563
"Acura","Acura RDX","2020","3",0,0.0317950196254563
"Acura","Acura RDX","2020","3",0,0.0110207975558342
"Acura","Acura RDX","2020","3",0,0.0124095071974056
"Acura","Acura RDX","2020","3",0,0.0176961498583794
"Acura","Acura RDX","2020","3",0,0.0157252484996446
"Acura","Acura RDX","2020","3",0,0.0317950196254563
"Acura","Acura RDX","2020","3",0,0.044964187365222
"Acura","Acura RDX","2020","3",0,0.0378329258583303
"Acura","Acura RDX","2020","3",0,0.0282990998397797
"Acura","Acura RDX","2020","3",0,0.009785954215682
"Acura","Acura RDX","2020","3",0,0.0148224432961458
"Acura","Acura RDX","2020","3",0,0.0131673095935982
"Acura","Acura RDX","2020","3",0,0.0400802347731648
"Acura","Acura RDX","2020","3",0,0.00771272737848838
"Acura","Acura RDX","2020","3",0,0.0166821106337943
"Acura","Acura RDX","2020","3",0,0.0237451847046444
"Acura","Acura RDX","2020","3",0,0.0882349501791766
"Acura","Acura RDX","2020","3",0,0.0176961498583794
"Acura","Acura RDX","2020","3",0,0.0139707335245997
"Acura","Acura RDX","2020","3",1,0.0400802347731648
"Acura","Acura RDX","2020","3",0,0.0931862208285645
"Acura","Acura RDX","2020","3",0,0.0317950196254563
"Acura","Acura RDX","2020","3",0,0.0139707335245997
"Acura","Acura RDX","2020","3",0,0.0166821106337943
"Acura","Acura RDX","2020","3",0,0.0266939926057908
"Acura","Acura RDX","2020","3",0,0.103841335617933
"Acura","Acura RDX","2020","3",0,0.0139707335245997
"Acura","Acura RDX","2020","3",0,0.0148224432961458
"Acura","Acura RDX","2020","3",0,0.0251775671110583
"Acura","Acura RDX","2020","3",0,0.00868825541990838
"Acura","Acura RDX","2020","3",0,0.0176961498583794
"Acura","Acura RDX","2020","3",0,0.0317950196254563
"Acura","Acura RDX","2020","3",0,0.0148224432961458
"Acura","Acura RDX","2020","3",0,0.0131673095935982
"Acura","Acura RDX","2020","3",0,0.0110207975558342
"Acura","Acura RDX","2020","3",0,0.0237451847046444
"Acura","Acura RDX","2020","3",0,0.0424551455313002
"Acura","Acura RDX","2020","3",0,0.00818609231536602
"Acura","Acura RDX","2020","3",0,0.0124095071974056
"Acura","Acura RDX","2020","3",0,0.044964187365222
"Acura","Acura RDX","2020","3",0,0.053365091719632
"Acura","Acura RDX","2020","3",0,0.0299977473830832
"Acura","Acura RDX","2020","3",0,0.0282990998397797
"Acura","Acura RDX","2020","3",0,0.0187706518576155
"Acura","Acura RDX","2020","3",0,0.0564808652501741
"Acura","Acura RDX","2020","3",1,0.0157252484996446
"Acura","Acura RDX","2020","3",0,0.0317950196254563
"Acura","Acura RDX","2020","3",0,0.0266939926057908
"Acura","Acura RDX","2020","3",0,0.0237451847046444
"Acura","Acura RDX","2020","3",0,0.0983853495557319
"Acura","Acura RDX","2020","3",0,0.0266939926057908
"Acura","Acura RDX","2020","3",0,0.0223924203875819
"Acura","Acura RDX","2020","3",0,0.0199090747859265
"Acura","Acura RDX","2020","3",0,0.0378329258583303
"Acura","Acura RDX","2020","3",0,0.0378329258583303
"Acura","Acura RDX","2020","3",0,0.0476141368810878
"Acura","Acura RDX","2020","3",0,0.0211150562640233
"Acura","Acura RDX","2020","3",0,0.0092209365493168
"Acura","Acura RDX","2020","3",1,0.109563117746994
"Acura","Acura RDX","2020","3",0,0.0166821106337943
"Acura","Acura RDX","2020","3",0,0.0166821106337943
"Acura","Acura RDX","2020","3",0,0.0157252484996446
"Acura","Acura RDX","2020","3",0,0.0103852307312538
"Acura","Acura RDX","2020","3",0,0.0131673095935982
"Acura","Acura RDX","2020","3",0,0.0424551455313002
"Acura","Acura RDX","2020","3",0,0.0199090747859265
"Acura","Acura RDX","2020","3",0,0.0266939926057908
"Acura","Acura RDX","2020","3",0,0.0124095071974056
"Acura","Acura RDX","2020","3",0,0.0424551455313002
"Acura","Acura RDX","2020","3",0,0.0237451847046444
"Acura","Acura RDX","2020","3",0,0.0092209365493168
"Acura","Acura RDX","2020","3",0,0.00771272737848838
"Acura","Acura RDX","2020","3",0,0.0199090747859265
"Acura","Acura RDX","2020","3",0,0.0176961498583794
"Acura","Acura TLX","2018","1",0,1.39523951164846e-12
"Acura","Acura TLX","2018","1",0,1.29903945963567e-16
"Acura","Acura TLX","2018","1",0,1.76886690154756e-14
"Acura","Acura TLX","2018","1",0,2.8430724954349e-18
"Acura","Acura TLX","2018","1",0,2.8430724954349e-18
"Acura","Acura TLX","2018","1",0,8.47278793511691e-18
"Acura","Acura TLX","2018","1",0,3.20118761844615e-19
"Acura","Acura TLX","2018","1",0,1.64690569953522e-18
"Acura","Acura TLX","2018","1",0,1.99167444129739e-15
"Acura","Acura TLX","2018","1",0,2.52501951704474e-17
"Acura","Acura TLX","2018","1",0,1.76886690154756e-14
"Acura","Acura TLX","2018","1",0,4.35897060856137e-17
"Acura","Acura TLX","2018","1",0,2.8430724954349e-18
"Acura","Acura TLX","2018","1",0,1.07416927467399e-19
"Acura","Acura TLX","2018","1",0,3.43825079086878e-15
"Acura","Acura TLX","2018","1",0,2.52501951704474e-17
"Acura","Acura TLX","2018","1",0,4.90802917044955e-18
"Acura","Acura TLX","2018","1",0,9.77415411175149e-10
"Acura","Acura TLX","2018","1",0,3.87133493026114e-16
"Acura","Acura TLX","2018","1",0,3.20118761844615e-19
"Acura","Acura TLX","2018","1",0,4.90802917044955e-18
"Acura","Acura TLX","2018","2",0,4.42973717504186e-18
"Acura","Acura TLX","2018","2",0,9.60220528690536e-20
"Acura","Acura TLX","2018","2",0,7.51820493753612e-13
"Acura","Acura TLX","2018","2",0,1.16062138689152e-11
"Acura","Acura TLX","2018","2",0,8.41885505667279e-14
"Acura","Acura TLX","2018","2",0,1.82492936579507e-15
"Acura","Acura TLX","2018","2",0,1.48233852495625e-18
"Acura","Acura TLX","2018","2",0,5.55463728171981e-20
"Acura","Acura TLX","2018","2",0,6.83839792401652e-17
"Acura","Acura TLX","2018","2",0,8.57496021885742e-19
"Acura","Acura TLX","2018","2",0,2.0435484197268e-16
"Acura","Acura TLX","2018","2",0,7.65760995083706e-18
"Acura","Acura TLX","2018","2",0,4.34909483705906e-13
"Acura","Acura TLX","2018","2",0,5.35423639398763e-10
"Acura","Acura TLX","2018","2",0,2.0435484197268e-16
"Acura","Acura TLX","2018","2",0,6.83839792401652e-17
"Acura","Acura TLX","2018","2",0,9.42739936648367e-15
"Acura","Acura TLX","2018","2",0,6.83839792401652e-17
"Acura","Acura TLX","2018","2",0,1.3237577725727e-17
"Acura","Acura TLX","2018","2",0,7.51820493753612e-13
"Acura","Acura TLX","2018","2",0,5.55463728171981e-20
"Acura","Acura TLX","2018","2",0,3.15472379486149e-15
"Acura","Acura TLX","2018","2",0,1.82492936579507e-15
"Acura","Acura TLX","2018","2",0,5.35423639398763e-10
"Acura","Acura TLX","2018","2",0,3.95584336316764e-17
"Acura","Acura TLX","2018","2",0,4.42973717504186e-18
"Acura","Acura TLX","2018","2",0,2.86946908588533e-19
"Acura","Acura TLX","2018","2",0,4.42973717504186e-18
"Acura","Acura TLX","2018","2",0,2.56249294047718e-18
"Acura","Acura TLX","2018","2",0,2.28835713975622e-17
"Acura","Acura TLX","2018","2",0,4.42973717504186e-18
"Acura","Acura TLX","2018","2",0,4.96040152212579e-19
"Acura","Acura TLX","2018","2",0,7.65760995083706e-18
"Acura","Acura TLX","2018","2",0,7.65760995083706e-18
"Acura","Acura TLX","2018","2",0,1.07525101013424e-20
"Acura","Acura TLX","2018","2",0,3.95584336316764e-17
"Acura","Acura TLX","2018","2",0,7.65760995083706e-18
"Acura","Acura TLX","2018","3",0,6.7026540965052e-18
"Acura","Acura TLX","2018","3",0,1.62698920232437e-15
"Acura","Acura TLX","2018","3",0,9.5865070802809e-11
"Acura","Acura TLX","2018","3",0,9.3944397261548e-16
"Acura","Acura TLX","2018","3",0,1.31672463620584e-13
"Acura","Acura TLX","2018","3",0,3.13215547590509e-16
"Acura","Acura TLX","2018","3",0,1.80854585815928e-16
"Acura","Acura TLX","2018","3",0,1.04427706294495e-16
"Acura","Acura TLX","2018","3",0,6.97952397005625e-08
"Acura","Acura TLX","2018","3",0,7.60293320515438e-14
"Acura","Acura TLX","2018","3",0,4.87991484264494e-15
"Acura","Acura TLX","2018","3",0,1.16080853779587e-17
"Acura","Acura TLX","2018","3",0,2.28038800395608e-13
"Acura","Acura TLX","2018","3",0,1.46365869161551e-14
"Acura","Acura TLX","2018","3",0,1.29034382658927e-18
"Acura","Acura TLX","2018","3",0,3.55285660404267e-12
"Acura","Acura TLX","2018","3",0,4.39002899562982e-14
"Acura","Acura TLX","2018","3",0,3.55285660404267e-12
"Acura","Acura TLX","2018","3",0,4.30207399276818e-19
"Acura","Acura TLX","2018","3",0,3.87019654616792e-18
"Acura","Acura TLX","2018","3",0,7.60293320515438e-14
"Acura","Acura TLX","2018","3",0,2.81772403851863e-15
"Acura","Acura TLX","2018","3",0,3.19619173931444e-11
"Acura","Acura TLX","2018","3",0,8.45134887090863e-15
"Acura","Acura TLX","2018","3",0,1.16080853779587e-17
"Acura","Acura TLX","2018","3",0,4.87991484264494e-15
"Acura","Acura TLX","2018","3",0,3.87019654616792e-18
"Acura","Acura TLX","2018","3",0,3.94932190497382e-13
"Acura","Acura TLX","2018","3",0,1.62698920232437e-15
"Acura","Acura TLX","2019","1",0,1.74347110946451e-19
"Acura","Acura TLX","2019","1",0,8.7123725814445e-14
"Acura","Acura TLX","2019","1",0,6.35500370296796e-16
"Acura","Acura TLX","2019","1",0,3.01204525046858e-19
"Acura","Acura TLX","2019","1",0,2.68317154410807e-18
"Acura","Acura TLX","2019","1",0,1.2717276784353e-21
"Acura","Acura TLX","2019","1",0,2.12922881191654e-16
"Acura","Acura TLX","2019","1",0,7.36117913936846e-22
"Acura","Acura TLX","2019","1",0,7.13393027824386e-17
"Acura","Acura TLX","2019","1",0,8.00832912041833e-18
"Acura","Acura TLX","2019","1",0,4.49238170710899e-13
"Acura","Acura TLX","2019","1",0,2.68317154410807e-18
"Acura","Acura TLX","2019","1",0,3.67848569172095e-16
"Acura","Acura TLX","2019","1",0,7.76110192519396e-13
"Acura","Acura TLX","2019","1",0,1.38353022085659e-17
"Acura","Acura TLX","2019","2",0,2.40973460946246e-17
"Acura","Acura TLX","2019","2",0,1.14444368582967e-20
"Acura","Acura TLX","2019","2",0,1.39503563610016e-17
"Acura","Acura TLX","2019","2",0,1.1057491370139e-15
"Acura","Acura TLX","2019","2",0,5.89856225762758e-20
"Acura","Acura TLX","2019","2",0,1.39503563610016e-17
"Acura","Acura TLX","2019","2",0,2.14538316745028e-16
"Acura","Acura TLX","2019","2",0,3.41477626574882e-20
"Acura","Acura TLX","2019","2",0,9.07122072884675e-19
"Acura","Acura TLX","2019","2",0,2.40973460946246e-17
"Acura","Acura TLX","2019","2",0,1.39503563610016e-17
"Acura","Acura TLX","2019","2",0,7.19013495642684e-17
"Acura","Acura TLX","2019","2",0,1.01889652496688e-19
"Acura","Acura TLX","2019","2",0,1.39503563610016e-17
"Acura","Acura TLX","2019","2",0,4.16248928541655e-17
"Acura","Acura TLX","2019","2",0,1.1057491370139e-15
"Acura","Acura TLX","2019","2",0,9.07122072884675e-19
"Acura","Acura TLX","2019","2",0,4.16248928541655e-17
"Acura","Acura TLX","2019","2",0,4.67538603116099e-18
"Acura","Acura TLX","2019","2",0,4.67538603116099e-18
"Acura","Acura TLX","2019","2",0,9.84446825246642e-15
"Acura","Acura TLX","2019","2",0,3.70585806941489e-16
"Acura","Acura TLX","2019","2",0,1.56693018978949e-18
"Acura","Acura TLX","2019","2",0,5.69912718882803e-15
"Acura","Acura TLX","2019","2",0,8.07609443109383e-18
"Acura","Acura TLX","2019","2",0,3.04017027119033e-19
"Acura","Acura TLX","2019","2",0,8.07609443109383e-18
"Acura","Acura TLX","2019","2",0,2.93737970279148e-14
"Acura","Acura TLX","2019","2",0,2.07284606075077e-11
"Acura","Acura TLX","2019","2",0,1.24199816856604e-16
"Acura","Acura TLX","2019","2",0,5.25148127514946e-19
"Acura","Acura TLX","2019","3",0,7.43429713355752e-15
"Acura","Acura TLX","2019","3",0,7.43429713355752e-15
"Acura","Acura TLX","2019","3",0,3.20042816251925e-12
"Acura","Acura TLX","2019","3",0,3.30306250083349e-18
"Acura","Acura TLX","2019","3",0,2.46795144824881e-15
"Acura","Acura TLX","2019","3",0,5.20205632152974e-17
"Acura","Acura TLX","2019","3",0,3.52696765345162e-13
"Acura","Acura TLX","2019","3",0,1.09651225074017e-18
"Acura","Acura TLX","2019","3",0,6.12143339351396e-13
"Acura","Acura TLX","2019","3",0,7.43429713355752e-15
"Acura","Acura TLX","2019","3",0,1.17084167768518e-13
"Acura","Acura TLX","2019","3",0,4.28339636007167e-15
"Acura","Acura TLX","2019","3",0,2.23945952864018e-14
"Acura","Acura TLX","2019","3",0,6.96234003106547e-20
"Acura","Acura TLX","2019","3",0,5.73282181187107e-18
"Acura","Acura TLX","2019","3",0,8.7481857007901e-11
"Acura","Acura TLX","2019","3",0,1.84398095687417e-12
"Acura","Acura TLX","2019","3",0,7.43429713355752e-15
"Acura","Acura TLX","2019","3",0,1.02942716589322e-06
"Acura","Acura TLX","2019","3",0,5.20205632152974e-17
"Acura","Acura TLX","2019","3",0,7.43429713355752e-15
"Acura","Acura TLX","2019","3",0,1.56703376102457e-16
"Acura","Acura TLX","2019","3",0,9.94993159177921e-18
"Acura","Acura TLX","2019","3",0,6.31774127293568e-19
"Acura","Acura TLX","2020","1",0,4.57899975673611e-15
"Acura","Acura TLX","2020","1",0,2.28582897359723e-19
"Acura","Acura TLX","2020","1",0,6.20801411421291e-18
"Acura","Acura TLX","2020","1",0,1.24359676279965e-13
"Acura","Acura TLX","2020","1",0,2.06529950763761e-18
"Acura","Acura TLX","2020","1",0,2.92311892795412e-16
"Acura","Acura TLX","2020","1",0,1.19123711035077e-18
"Acura","Acura TLX","2020","1",0,1.76012303425022e-11
"Acura","Acura TLX","2020","1",0,1.07631036525683e-17
"Acura","Acura TLX","2020","1",0,3.90238926677573e-08
"Acura","Acura TLX","2020","1",0,2.64110576618038e-15
"Acura","Acura TLX","2020","1",0,6.20801411421291e-18
"Acura","Acura TLX","2020","1",0,5.609084774752e-17
"Acura","Acura TLX","2020","1",0,5.609084774752e-17
"Acura","Acura TLX","2020","1",0,1.68601586940323e-16
"Acura","Acura TLX","2020","1",0,5.609084774752e-17
"Acura","Acura TLX","2020","2",0,5.81209778873617e-18
"Acura","Acura TLX","2020","2",0,4.33324721010235e-15
"Acura","Acura TLX","2020","2",0,2.05318045884232e-13
"Acura","Acura TLX","2020","2",0,1.07287039278203e-12
"Acura","Acura TLX","2020","2",0,1.4918742602148e-21
"Acura","Acura TLX","2020","2",0,3.9292257712861e-14
"Acura","Acura TLX","2020","2",0,2.12859303140013e-19
"Acura","Acura TLX","2020","2",0,6.40972496717558e-19
"Acura","Acura TLX","2020","2",0,8.29264984378685e-16
"Acura","Acura TLX","2020","2",0,4.49240580633465e-21
"Acura","Acura TLX","2020","2",0,2.34746495916893e-20
"Acura","Acura TLX","2020","2",0,6.18263888635242e-13
"Acura","Acura TLX","2020","2",0,1.93012819025391e-18
"Acura","Acura TLX","2020","2",0,1.75016772856875e-17
"Acura","Acura TLX","2020","2",0,2.75388987198684e-16
"Acura","Acura TLX","2020","2",0,4.90313790458555e-05
"Acura","Acura TLX","2020","2",0,6.81836683988808e-14
"Acura","Acura TLX","2020","2",0,1.68816214603983e-11
"Acura","Acura TLX","2020","2",0,1.75016772856875e-17
"Acura","Acura TLX","2020","3",0,4.3140032916713e-17
"Acura","Acura TLX","2020","3",0,3.4059098301794e-15
"Acura","Acura TLX","2020","3",0,1.14260199383464e-15
"Acura","Acura TLX","2020","3",0,8.38249338596284e-18
"Acura","Acura TLX","2020","3",0,8.38249338596284e-18
"Acura","Acura TLX","2020","3",0,2.89374495176577e-09
"Acura","Acura TLX","2020","3",0,1.55745940521816e-13
"Acura","Acura TLX","2020","3",0,1.01524606415061e-14
"Acura","Acura TLX","2020","3",0,1.19493479818442e-20
"Acura","Acura TLX","2020","3",0,3.83315877815275e-16
"Acura","Acura TLX","2020","3",0,4.85516658131222e-18
"Alfa Romeo","Alfa Romeo Giulia","2018","1",0,8.42585361779751e-73
"Alfa Romeo","Alfa Romeo Giulia","2018","1",0,2.01321822360694e-67
"Alfa Romeo","Alfa Romeo Giulia","2018","1",0,1.19378106775023e-70
"Alfa Romeo","Alfa Romeo Giulia","2018","1",0,4.81025163705911e-62
"Alfa Romeo","Alfa Romeo Giulia","2018","1",0,7.07878172871692e-74
"Alfa Romeo","Alfa Romeo Giulia","2018","1",0,8.42585361779751e-73
"Alfa Romeo","Alfa Romeo Giulia","2018","1",0,5.94707112606057e-75
"Alfa Romeo","Alfa Romeo Giulia","2018","1",0,6.56143189473601e-46
"Alfa Romeo","Alfa Romeo Giulia","2018","1",0,8.11211244463185e-59
"Alfa Romeo","Alfa Romeo Giulia","2018","1",0,1.06533168335991e-28
"Alfa Romeo","Alfa Romeo Giulia","2018","1",0,4.19751595300896e-77
"Alfa Romeo","Alfa Romeo Giulia","2018","1",0,4.19751595300896e-77
"Alfa Romeo","Alfa Romeo Giulia","2018","2",0,1.36837894973769e-72
"Alfa Romeo","Alfa Romeo Giulia","2018","2",0,2.66281965456868e-68
"Alfa Romeo","Alfa Romeo Giulia","2018","2",0,5.04084485187447e-79
"Alfa Romeo","Alfa Romeo Giulia","2018","2",0,6.12013448302978e-63
"Alfa Romeo","Alfa Romeo Giulia","2018","2",0,2.31756382757217e-54
"Alfa Romeo","Alfa Romeo Giulia","2018","2",0,1.70780315458017e-41
"Alfa Romeo","Alfa Romeo Giulia","2018","2",0,8.07943637973831e-91
"Alfa Romeo","Alfa Romeo Giulia","2018","2",0,4.90376374682395e-94
"Alfa Romeo","Alfa Romeo Giulia","2018","2",0,8.77611776303973e-46
"Alfa Romeo","Alfa Romeo Giulia","2018","2",0,4.26795162755392e-80
"Alfa Romeo","Alfa Romeo Giulia","2018","2",0,9.02144767351733e-31
"Alfa Romeo","Alfa Romeo Giulia","2018","2",0,3.05950948508937e-82
"Alfa Romeo","Alfa Romeo Giulia","2018","3",0,8.35755842726668e-30
"Alfa Romeo","Alfa Romeo Giulia","2018","3",0,4.17074542295247e-38
"Alfa Romeo","Alfa Romeo Giulia","2018","3",0,3.35699253914057e-68
"Alfa Romeo","Alfa Romeo Giulia","2019","1",0,1.90438906923428e-65
"Alfa Romeo","Alfa Romeo Giulia","2019","1",0,6.67717907926853e-45
"Alfa Romeo","Alfa Romeo Giulia","2019","1",0,1.08287636608665e-74
"Alfa Romeo","Alfa Romeo Giulia","2019","1",0,7.43237599714063e-81
"Alfa Romeo","Alfa Romeo Giulia","2019","1",0,1.78860241521346e-66
"Alfa Romeo","Alfa Romeo Giulia","2019","1",0,2.15893424147153e-63
"Alfa Romeo","Alfa Romeo Giulia","2019","1",0,1.1529772616691e-73
"Alfa Romeo","Alfa Romeo Giulia","2019","1",0,1.08287636608665e-74
"Alfa Romeo","Alfa Romeo Giulia","2019","1",0,2.2986946320115e-62
"Alfa Romeo","Alfa Romeo Giulia","2019","1",0,7.91351699349272e-80
"Alfa Romeo","Alfa Romeo Giulia","2019","1",0,2.44750252681939e-61
"Alfa Romeo","Alfa Romeo Giulia","2019","1",0,2.2986946320115e-62
"Alfa Romeo","Alfa Romeo Giulia","2019","1",0,2.77464153549416e-59
"Alfa Romeo","Alfa Romeo Giulia","2019","1",0,1.41740979738638e-32
"Alfa Romeo","Alfa Romeo Giulia","2019","2",0,1.81170413377025e-67
"Alfa Romeo","Alfa Romeo Giulia","2019","2",0,1.8662478009641e-70
"Alfa Romeo","Alfa Romeo Giulia","2019","2",0,1.7243174332245e-62
"Alfa Romeo","Alfa Romeo Giulia","2019","2",0,1.64114578925998e-57
"Alfa Romeo","Alfa Romeo Giulia","2019","3",0,3.40412300531062e-67
"Alfa Romeo","Alfa Romeo Giulia","2019","3",0,3.40412300531062e-67
"Alfa Romeo","Alfa Romeo Giulia","2020","1",0,1.76659855954076e-69
"Alfa Romeo","Alfa Romeo Giulia","2020","1",0,4.04478206848359e-55
"Alfa Romeo","Alfa Romeo Giulia","2020","1",0,1.76659855954076e-69
"Alfa Romeo","Alfa Romeo Giulia","2020","1",0,1.39428027963286e-73
"Alfa Romeo","Alfa Romeo Giulia","2020","1",0,1.76659855954076e-69
"Alfa Romeo","Alfa Romeo Giulia","2020","1",0,1.39428027963286e-73
"Alfa Romeo","Alfa Romeo Giulia","2020","2",0,1.79149249728386e-68
"Alfa Romeo","Alfa Romeo Giulia","2020","2",0,1.28156545891749e-31
"Alfa Romeo","Alfa Romeo Giulia","2020","2",0,1.90869765370564e-75
"Alfa Romeo","Alfa Romeo Stelvio","2018","1",0,1.57057159496666e-44
"Alfa Romeo","Alfa Romeo Stelvio","2018","1",0,1.98076808593974e-58
"Alfa Romeo","Alfa Romeo Stelvio","2018","1",0,3.56028265850287e-52
"Alfa Romeo","Alfa Romeo Stelvio","2018","1",0,8.73789637056968e-51
"Alfa Romeo","Alfa Romeo Stelvio","2018","1",0,7.1865966973388e-53
"Alfa Romeo","Alfa Romeo Stelvio","2018","1",0,1.29173706789861e-46
"Alfa Romeo","Alfa Romeo Stelvio","2018","1",0,1.06240597877278e-48
"Alfa Romeo","Alfa Romeo Stelvio","2018","1",0,9.46024884470225e-42
"Alfa Romeo","Alfa Romeo Stelvio","2018","1",0,3.43235503368306e-36
"Alfa Romeo","Alfa Romeo Stelvio","2018","1",0,1.57057159496666e-44
"Alfa Romeo","Alfa Romeo Stelvio","2018","1",0,7.7807048996746e-44
"Alfa Romeo","Alfa Romeo Stelvio","2018","1",0,6.39934210290064e-46
"Alfa Romeo","Alfa Romeo Stelvio","2018","1",0,4.32880572405771e-50
"Alfa Romeo","Alfa Romeo Stelvio","2018","1",0,2.72154996741367e-22
"Alfa Romeo","Alfa Romeo Stelvio","2018","1",0,1.90959537836048e-42
"Alfa Romeo","Alfa Romeo Stelvio","2018","1",0,1.29173706789861e-46
"Alfa Romeo","Alfa Romeo Stelvio","2018","1",0,2.60743155429515e-47
"Alfa Romeo","Alfa Romeo Stelvio","2018","2",0,0.0115752744156123
"Alfa Romeo","Alfa Romeo Stelvio","2018","2",0,0.000840167462655391
"Alfa Romeo","Alfa Romeo Stelvio","2018","2",0,0.000840167462655391
"Alfa Romeo","Alfa Romeo Stelvio","2018","2",0,0.00647998372933924
"Alfa Romeo","Alfa Romeo Stelvio","2018","2",0,0.0127462245410653
"Alfa Romeo","Alfa Romeo Stelvio","2018","2",0,0.0274034977498765
"Alfa Romeo","Alfa Romeo Stelvio","2018","2",1,0.0695380609551491
"Alfa Romeo","Alfa Romeo Stelvio","2018","2",0,0.00166174382230901
"Alfa Romeo","Alfa Romeo Stelvio","2018","2",0,0.00533756133584654
"Alfa Romeo","Alfa Romeo Stelvio","2018","2",0,0.00328407618548761
"Alfa Romeo","Alfa Romeo Stelvio","2018","2",0,0.00136760876141371
"Alfa Romeo","Alfa Romeo Stelvio","2018","2",0,0.00136760876141371
"Alfa Romeo","Alfa Romeo Stelvio","2018","2",0,0.00533756133584654
"Alfa Romeo","Alfa Romeo Stelvio","2018","2",0,0.00533756133584654
"Alfa Romeo","Alfa Romeo Stelvio","2018","2",0,0.00786499050433652
"Alfa Romeo","Alfa Romeo Stelvio","2018","2",0,0.0048438792947568
"Alfa Romeo","Alfa Romeo Stelvio","2018","2",0,0.00713921920452452
"Alfa Romeo","Alfa Romeo Stelvio","2018","2",0,0.00150753042719223
"Alfa Romeo","Alfa Romeo Stelvio","2018","2",0,0.00439565713231834
"Alfa Romeo","Alfa Romeo Stelvio","2018","2",0,0.0115752744156123
"Alfa Romeo","Alfa Romeo Stelvio","2018","2",0,0.0048438792947568
"Alfa Romeo","Alfa Romeo Stelvio","2018","2",0,0.00222543026806959
"Alfa Romeo","Alfa Romeo Stelvio","2018","2",0,0.00361936325201663
"Alfa Romeo","Alfa Romeo Stelvio","2018","3",0,1.22600568832281e-46
"Alfa Romeo","Alfa Romeo Stelvio","2018","3",0,1.64801542307639e-51
"Alfa Romeo","Alfa Romeo Stelvio","2018","3",0,7.45117231831854e-44
"Alfa Romeo","Alfa Romeo Stelvio","2018","3",0,7.45117231831854e-44
"Alfa Romeo","Alfa Romeo Stelvio","2018","3",0,1.86444840420095e-26
"Alfa Romeo","Alfa Romeo Stelvio","2018","3",0,4.06281767114086e-50
"Alfa Romeo","Alfa Romeo Stelvio","2018","3",0,1.50069203209346e-44
"Alfa Romeo","Alfa Romeo Stelvio","2019","1",0,1.69186432569422e-57
"Alfa Romeo","Alfa Romeo Stelvio","2019","1",0,1.17766039130948e-42
"Alfa Romeo","Alfa Romeo Stelvio","2019","1",0,5.25720407101056e-54
"Alfa Romeo","Alfa Romeo Stelvio","2019","1",0,5.07613823515748e-47
"Alfa Romeo","Alfa Romeo Stelvio","2019","1",0,1.2631730713231e-56
"Alfa Romeo","Alfa Romeo Stelvio","2019","1",0,7.55266635973636e-69
"Alfa Romeo","Alfa Romeo Stelvio","2019","1",0,5.44472852469364e-61
"Alfa Romeo","Alfa Romeo Stelvio","2019","1",0,1.21966753398864e-49
"Alfa Romeo","Alfa Romeo Stelvio","2019","1",0,1.30823045104576e-63
"Alfa Romeo","Alfa Romeo Stelvio","2019","1",0,1.63359403141914e-50
"Alfa Romeo","Alfa Romeo Stelvio","2019","1",0,4.06512174091481e-60
"Alfa Romeo","Alfa Romeo Stelvio","2019","1",0,1.69186432569422e-57
"Alfa Romeo","Alfa Romeo Stelvio","2019","2",0,2.11308418023572e-69
"Alfa Romeo","Alfa Romeo Stelvio","2019","2",0,2.16828788507291e-41
"Alfa Romeo","Alfa Romeo Stelvio","2019","2",0,3.88583740580768e-53
"Alfa Romeo","Alfa Romeo Stelvio","2019","2",0,8.00560558982158e-75
"Alfa Romeo","Alfa Romeo Stelvio","2019","2",0,3.11223029573788e-52
"Alfa Romeo","Alfa Romeo Stelvio","2019","2",0,1.47218373730859e-58
"Alfa Romeo","Alfa Romeo Stelvio","2019","2",0,2.2950270732242e-60
"Alfa Romeo","Alfa Romeo Stelvio","2019","2",0,6.05773710337255e-55
"Alfa Romeo","Alfa Romeo Stelvio","2019","2",0,2.49263579562861e-51
"Alfa Romeo","Alfa Romeo Stelvio","2019","3",0,7.9706599731914e-54
"Alfa Romeo","Alfa Romeo Stelvio","2019","3",0,1.00266945170076e-54
"Alfa Romeo","Alfa Romeo Stelvio","2019","3",0,1.59900483264571e-47
"Alfa Romeo","Alfa Romeo Stelvio","2019","3",0,1.58666333219773e-56
"Alfa Romeo","Alfa Romeo Stelvio","2020","1",0,9.27156362047581e-49
"Alfa Romeo","Alfa Romeo Stelvio","2020","1",0,3.06986053999922e-62
"Alfa Romeo","Alfa Romeo Stelvio","2020","1",0,1.5123897064502e-44
"Alfa Romeo","Alfa Romeo Stelvio","2020","1",0,2.17350962041176e-45
